"speaker","word","word.total","speaker.total","speaker.word","E1","E2","LL","ngram"
"CARTMAN","guys",1084,22872,521,179.33892714542,904.66107285458,577.224313223621,1
"CARTMAN","kyle",615,22872,291,101.746716046525,513.253283953475,313.490161825141,1
"CARTMAN","seriously",62,22872,49,10.2573925120074,51.7426074879926,117.339882351964,1
"CARTMAN","mom",444,22872,158,73.4561657311498,370.54383426885,93.8898312710805,1
"CARTMAN","goddamnit",164,22872,79,27.1324576124067,136.867542387593,87.8757078345503,1
"CHRIS","butters",510,933,39,3.44185811006307,506.558141889937,120.789197709784,1
"CARTMAN","sweet",175,22872,78,28.9523175742145,146.047682425786,75.2160338761384,1
"CARTMAN","scott",94,22872,52,15.5515305827209,78.4484694172791,73.0559266900975,1
"CARTMAN","kenny",632,22872,190,104.559226896592,527.440773103408,70.736349296402,1
"CARTMAN","bitch",185,22872,77,30.6067357213124,154.393264278688,64.8858331626912,1
"CARTMAN","clyde",68,22872,40,11.2500434002662,56.7499565997338,61.9193760538383,1
"CARTMAN","jew",83,22872,43,13.7316706209131,69.2683293790869,54.2399222816334,1
"CARTMAN","token",108,22872,50,17.8677159886581,90.1322840113419,51.7658429555011,1
"CARTMAN","screw",103,22872,47,17.0405069151091,85.9594930848909,47.3733650292113,1
"CARTMAN","heh",117,22872,51,19.3566923210462,97.6433076789538,47.1163544455277,1
"CARTMAN","jews",62,22872,34,10.2573925120074,51.7426074879926,47.1002909322013,1
"CARTMAN","ass",402,22872,121,66.5076095133384,335.492390486662,45.2192821137853,1
"CARTMAN","kick",135,22872,55,22.3346449858226,112.665355014177,44.3481009778676,1
"CARTMAN","crap",165,22872,61,27.2978994271165,137.702100572884,39.7098549726985,1
"CARTMAN","weak",51,22872,28,8.43753255019964,42.5624674498004,38.8608016382003,1
"CARTMAN","kyles",62,22872,31,10.2573925120074,51.7426074879926,36.8090386137227,1
"CARTMAN","goddamned",75,22872,35,12.4081361032348,62.5918638967652,36.7692290003278,1
"CARTMAN","craig",93,22872,40,15.3860887680111,77.6139112319889,35.999049176861,1
"CARTMAN","awesome",102,22872,42,16.8750651003993,85.1249348996007,34.6208794951993,1
"CARTMAN","asshole",110,22872,43,18.1985996180777,91.8014003819223,31.7462893039852,1
"CARTMAN","ten",114,22872,44,18.8603668769168,95.1396331230832,31.5881125869803,1
"KYLE","cool",316,14212,71,32.4850413749204,283.51495862508,39.4865516677603,1
"CARTMAN","bucks",52,22872,25,8.60297436490944,43.3970256350906,27.7124731449329,1
"CARTMAN","hate",160,22872,53,26.4706903535675,133.529309646432,26.1915808276457,1
"CARTMAN","poor",101,22872,38,16.7096232856895,84.2903767143105,25.7589483969498,1
"CARTMAN","ill",583,22872,144,96.4525779758116,486.547422024188,25.1303129887962,1
"CARTMAN","fine",223,22872,67,36.8935246802847,186.106475319715,24.8955393351907,1
"CARTMAN","album",52,22872,24,8.60297436490944,43.3970256350906,24.7069617534931,1
"JIMBO","frog",53,2173,12,0.833060876106707,52.1669391238933,44.2694210609749,1
"CARTMAN","stupid",359,22872,96,59.3936114808171,299.606388519183,23.6450366908799,1
"CARTMAN","totally",102,22872,37,16.8750651003993,85.1249348996007,23.0307256633057,1
"CARTMAN","funny",116,22872,40,19.1912505063364,96.8087494936636,21.9693848782426,1
"CARTMAN","god",846,22872,192,139.963775244488,706.036224755512,21.2474782630104,1
"CARTMAN","dollar",52,22872,22,8.60297436490944,43.3970256350906,19.1615045538579,1
"CARTMAN","pissed",62,22872,24,10.2573925120074,51.7426074879926,17.3417965813098,1
"CARTMAN","dollars",217,22872,60,35.9008737920259,181.099126207974,16.791148620531,1
"CARTMAN","shut",186,22872,53,30.7721775360222,155.227822463978,16.5212829193169,1
"CARTMAN","voice",56,22872,22,9.26474162374863,46.7352583762514,16.4189572067776,1
"CARTMAN","balls",110,22872,35,18.1985996180777,91.8014003819223,15.4593232081846,1
"CARTMAN","ugh",68,22872,24,11.2500434002662,56.7499565997338,13.9757858314797,1
"ALL.OTHERS","yes",791,52031,374,297.700661130722,493.299338869278,30.5321716857305,1
"CARTMAN","damnit",141,22872,40,23.3272958740814,117.672704125919,12.2775374855522,1
"KENNY","mine",64,764,5,0.353683235923847,63.6463167640762,17.5430414630107,1
"STAN","gonna",1346,16420,228,159.867195185464,1186.13280481454,29.6061770324245,1
"STAN","suck",85,16420,22,10.0956252531682,74.9043747468318,12.4655978773321,1
"KENNY","fuck",81,764,17,0.447630345466119,80.5523696545339,94.2149001349845,1
"CARTMAN","call",233,22872,59,38.5479428273827,194.452057172617,11.5515370811486,1
"CARTMAN","rest",82,22872,26,13.5662288062033,68.4337711937967,11.3690252828197,1
"CARTMAN","tweek",117,22872,34,19.3566923210462,97.6433076789538,11.3341517530431,1
"STAN","dude",1135,16420,552,134.806290145246,1000.19370985475,926.956701616496,1
"KYLE","cartman",851,14212,354,87.4834500318269,763.516549968173,562.907168221904,1
"STAN","dad",364,16420,112,43.2330304959204,320.76696950408,91.6162190135744,1
"STAN","killed",142,16420,54,16.865632775881,125.134367224119,63.7192284803861,1
"STAN","chef",328,16420,91,38.9572362710491,289.042763728951,60.3120076376942,1
"STAN","cartmans",85,16420,35,10.0956252531682,74.9043747468318,46.6082821084327,1
"KENNY","yeah",1863,764,50,10.2954979457207,1852.70450205428,79.479659926399,1
"STAN","gotta",296,16420,72,35.1565302933858,260.843469706614,35.0082754576716,1
"STAN","wendy",115,16420,35,13.6587871072276,101.341212892772,28.0329047835221,1
"KYLE","fatass",101,14212,60,10.3828771483132,90.6171228516868,145.470552877139,1
"STAN","theyve",94,16420,28,11.164573809386,82.835426190614,21.4991500538823,1
"STAN","jimbo",57,16420,20,6.77000752271281,50.2299924772872,20.7078177617977,1
"STAN","sucks",91,16420,27,10.8082576239801,80.1917423760199,20.5696318727419,1
"KYLE","hes",659,14212,109,67.7457033736474,591.254296626353,24.1172104116707,1
"STAN","come",1384,16420,220,164.380533533939,1219.61946646606,19.5721273005338,1
"STAN","wheres",75,16420,23,8.90790463514843,66.0920953648516,18.6937726653697,1
"STAN","whats",484,16420,90,57.4856779121579,426.514322087842,18.2048003877532,1
"STAN","stuff",157,16420,37,18.6472137029107,138.352786297089,16.5507424449296,1
"STAN","something",388,16420,73,46.0835599791679,341.916440020832,15.5044061982599,1
"JIMMY","wow",361,1673,23,4.36862016087032,356.63137983913,40.1361633449423,1
"KYLE","kennys",101,14212,25,10.3828771483132,90.6171228516868,17.1975931552644,1
"BUTTERS","parents",275,4511,25,8.97318586887333,266.026814131127,20.1636567047504,1
"TERRANCE","wait",491,696,12,2.47190556102077,488.528094438979,19.0488796121144,1
"KYLE","hoh",82,14212,25,8.42966263526416,73.5703373647358,25.2642193628225,1
"STAN","doesnt",254,16420,49,30.1681036977027,223.831896302297,11.5004553830151,1
"BUTTERS","hey",1172,4511,92,38.2420866847983,1133.7579133152,56.5991658073452,1
"BUTTERS","huh",483,4511,67,15.7601773624212,467.239822637579,97.2826811766346,1
"KENNY","stick",56,764,4,0.309472831433366,55.6905271685666,13.3425347810583,1
"CHEF","children",598,3873,217,16.7528933510792,581.247106648921,789.764673585988,1
"CHEF","flag",63,3873,22,1.76493692494647,61.2350630750535,78.1146834531459,1
"CHEF","hello",410,3873,44,11.4860974480643,398.513902551936,55.8887721299026,1
"CHEF","woman",90,3873,15,2.52133846420925,87.4786615357907,30.4117918311019,1
"CHEF","love",360,3873,31,10.085353856837,349.914646143163,29.0664518414686,1
"CHEF","singing",61,3873,11,1.70890718129738,59.2910928187026,23.9212976130308,1
"CHEF","doctor",94,3873,13,2.63339795150744,91.3666020484926,22.0037349167719,1
"CHEF","damn",148,3873,16,4.14620103003298,143.853798969967,20.5098469489248,1
"CHEF","black",124,3873,13,3.47384410624385,120.526155893756,16.0331538400724,1
"BUTTERS","aint",81,4511,13,2.64301111046814,78.3569888895319,22.1384188381889,1
"CHEF","change",114,3873,12,3.19369538799838,110.806304612002,14.8760559016479,1
"CHEF","got",1023,3873,51,28.6592138765118,994.340786123488,14.6119464871126,1
"BUTTERS","doin",68,4511,12,2.2188241421214,65.7811758578786,22.480315384754,1
"COUNSELOR.MACKEY","drugs",63,1557,11,0.709529251779411,62.2904707482206,41.5243414466309,1
"CHEF","ooh",64,3873,8,1.79295179677102,62.207048203229,12.1561905160948,1
"CHEF","goin",134,3873,12,3.75399282448932,130.246007175511,11.9315077484624,1
"MR..GARRISON","hat",208,4440,81,6.68016897170303,201.319831028297,287.219781252073,1
"MR..GARRISON","class",86,4440,25,2.76199294022337,83.2380070597766,72.2248825100561,1
"MS..CARTMAN","eric",402,875,55,2.54434060528905,399.455659394711,240.380858667962,1
"MR..GARRISON","okay",1109,4440,81,35.6168624500897,1073.38313754991,44.2842287880548,1
"MR..GARRISON","teacher",69,4440,12,2.21601759157456,66.7839824084254,22.4817106598376,1
"MR..GARRISON","attention",82,4440,13,2.633528152306,79.366471847694,22.1964558286086,1
"MR..GARRISON","gay",215,4440,22,6.90498235055842,208.095017649442,21.9195893771222,1
"MR..GARRISON","lets",727,4440,48,23.3484752039813,703.651524796019,20.7551064784582,1
"MR..GARRISON","sexual",63,4440,11,2.02332040969851,60.9766795903015,20.6876494091679,1
"ANNOUNCER","now",2120,961,49,14.736705051791,2105.26329494821,49.7790369505194,1
"MAYOR","vote",73,907,6,0.478929170765581,72.5210708292344,19.7248170305726,1
"COUNSELOR.MACKEY","write",54,1557,7,0.608167930096638,53.3918320699034,22.2190449114135,1
"KYLE","ike",86,14212,54,8.8408656906429,77.1591343093571,139.108138349448,1
"MR..GARRISON","report",58,4440,8,1.86273942480181,56.1372605751982,11.7406164544803,1
"MR..GARRISON","year",120,4440,12,3.85394363752098,116.146056362479,11.5525007377382,1
"MR..GARRISON","mother",105,4440,11,3.37220068283085,101.627799317169,11.3430556531651,1
"MR..GARRISON","guess",290,4440,21,9.31369712400903,280.686302875991,11.2683723349253,1
"RANDY","stan",566,3551,78,14.5381199004687,551.461880099531,142.746673640753,1
"WENDY","bebe",73,842,20,0.444606793588334,72.5553932064117,118.961700350907,1
"WENDY","dare",54,842,5,0.328887217174932,53.6711127828251,18.2914301210261,1
"NARRATOR","terrance",209,502,25,0.758911521323997,208.241088478676,129.193346619362,1
"TERRANCE","phillip",207,696,68,1.04212719171344,205.957872808287,458.932179345589,1
"NARRATOR","started",85,502,6,0.308648226375788,84.6913517736242,24.6163794656204,1
"BUTTERS","boy",403,4511,38,13.1497960187489,389.850203981251,32.5680632317478,1
"MAYOR","barbrady",80,907,8,0.524853885770499,79.4751461142295,29.3611659708119,1
"NARRATOR","behind",51,502,4,0.185188935825473,50.8148110641745,17.2455994159237,1
"ALL.OTHERS","little",885,52031,439,333.078489381402,551.921510618598,52.3609461151266,1
"NARRATOR","john",60,502,4,0.217869336265262,59.7821306637347,15.9614610452945,1
"BUTTERS","movie",119,4511,15,3.88294224871246,115.117057751288,19.4195208576036,1
"NARRATOR","red",69,502,4,0.250549736705052,68.7494502632949,14.8725463581714,1
"NARRATOR","act",77,502,4,0.27959898154042,76.7204010184596,14.028146576403,1
"NARRATOR","together",150,502,5,0.544673340663156,149.455326659337,13.3935711611649,1
"ANNOUNCER","ladies",71,961,14,0.493540593715641,70.5064594062844,69.4233609923853,1
"REPORTER","south",389,551,19,1.55039494242231,387.449605057578,61.1240530141892,1
"REPORTER","park",432,551,19,1.72177536022221,430.278224639778,57.3880074281457,1
"ANNOUNCER","gentlemen",97,961,12,0.674273768879116,96.3257262311209,47.8323076870591,1
"ANNOUNCER","special",134,961,12,0.931470979688675,133.068529020311,40.151783040498,1
"ANNOUNCER","news",145,961,12,1.00793501533476,143.992064984665,38.3252593874402,1
"ALL.OTHERS","welcome",126,52031,81,47.4213442509114,78.5786557490886,36.5616441523462,1
"ANNOUNCER","changed",53,961,7,0.368417626294775,52.6315823737052,28.8321788144503,1
"ANNOUNCER","back",850,961,23,5.90858457265205,844.091415427348,28.6836448356237,1
"ANNOUNCER","heres",126,961,9,0.875860771946068,125.124139228054,26.2269217515286,1
"JIMMY","show",403,1673,20,4.87688067820149,398.123119321799,26.7847025493386,1
"ANNOUNCER","chinpokomon",53,961,5,0.368417626294775,52.6315823737052,17.2366864416677,1
"REPORTER","colorado",67,551,5,0.267034604478907,66.7329653955211,20.1761290959534,1
"ANNOUNCER","denver",72,961,5,0.500491869683467,71.4995081303165,14.3062929392816,1
"ANNOUNCER","new",465,961,12,3.23234332503906,461.767656674961,14.1130062008657,1
"ALL.OTHERS","country",125,52031,73,47.0449843759042,77.9550156240958,22.0374819156511,1
"ANNOUNCER","comes",95,961,5,0.660371216943464,94.3396287830565,11.7674095718064,1
"ANNOUNCER","four",144,961,6,1.00098373936693,142.999016260633,11.6681124049432,1
"ANNOUNCER","next",211,961,7,1.46671922921127,209.533280770789,10.9612117045035,1
"JIMBO","ned",111,2173,87,1.74471240090273,109.255287599097,607.470996555037,1
"JIMBO","cows",85,2173,12,1.3360410277183,83.6639589722817,32.7777692756692,1
"JIMBO","shoot",52,2173,9,0.817342746368844,51.1826572536312,28.1993294849257,1
"JIMBO","history",53,2173,9,0.833060876106707,52.1669391238933,27.8548971548927,1
"JIMBO","side",108,2173,12,1.69755801168914,106.302441988311,27.3646887681966,1
"JIMBO","mayor",103,2173,11,1.61896736299983,101.381032637,24.2884193731679,1
"JIMBO","holy",71,2173,9,1.11598721138823,69.8840127886118,22.7316203118666,1
"JIMBO","war",110,2173,10,1.72899427116486,108.271005728835,19.207461919001,1
"JIMBO","everybody",174,2173,12,2.73495457438806,171.265045425612,17.4714215187882,1
"KYLE","hell",669,14212,113,68.7737110120942,600.226288987906,27.1132301920813,1
"JIMBO","kill",232,2173,13,3.64660609918407,228.353393900816,14.7316333958368,1
"BUTTERS","well",2444,4511,158,79.747150049187,2364.25284995081,62.1733504147579,1
"JIMBO","quick",92,2173,7,1.44606793588334,90.5539320641167,11.3188289311309,1
"JIMBO","bet",95,2173,7,1.49322232509693,93.5067776749031,10.9469412654507,1
"MAYOR","town",284,907,14,1.86323129448527,282.136768705515,32.7250681544002,1
"MAYOR","people",882,907,21,5.78651409061976,876.21348590938,23.9763986451622,1
"MAYOR","word",108,907,7,0.708552745790174,107.29144725421,19.8596319224557,1
"MAYOR","officer",85,907,5,0.557657253631156,84.4423427463689,13.2877133967114,1
"ALL.OTHERS","mark",53,52031,35,19.9470733753834,33.0529266246166,17.4800130696946,1
"MAYOR","spirit",55,907,4,0.360837046467218,54.6391629535328,12.2146085895622,1
"ALL.OTHERS","certainly",59,52031,43,22.2052326254268,36.7947673745732,30.1864634623976,1
"COUNSELOR.MACKEY","garrison",226,1557,15,2.54529541114519,223.454704588855,29.0121529671675,1
"JESUS","santa",59,855,10,0.364887737978126,58.6351122620219,48.62269902737,1
"MEPHESTO","father",154,614,13,0.683959261616805,153.316040738383,52.9498528584632,1
"JESUS","turn",110,855,7,0.680299172501591,109.319700827498,20.369045690108,1
"SHARON","stanley",170,1659,89,2.04002951218101,167.959970487819,553.926835829795,1
"CHRIS","satan",74,933,18,0.49940686302876,73.5005931369712,98.5919330385385,1
"JESUS","eyes",87,855,5,0.53805480006944,86.4619451999306,13.6027664579895,1
"JIMMY","shall",88,1673,7,1.0649267982177,86.9350732017823,14.9066483541285,1
"TERRANCE","fart",52,696,6,0.261790405647821,51.7382095943522,26.7685703454613,1
"BUTTERS","sure",602,4511,54,19.6431196111336,582.356880388866,42.56999332868,1
"TERRANCE","dinner",55,696,5,0.276893698281349,54.7231063017187,19.9092918475381,1
"ALL.OTHERS","canada",87,52031,63,32.7433091256293,54.2566908743707,43.3066674722071,1
"REPORTER","tom",100,551,28,0.398559111162548,99.6014408888374,191.388308434573,1
"REPORTER","inside",120,551,8,0.478270933395058,119.521729066605,30.512464129862,1
"REPORTER","front",67,551,6,0.267034604478907,66.7329653955211,26.3869634635699,1
"REPORTER","ago",86,551,5,0.342760835599792,85.6572391644002,17.7450595304611,1
"REPORTER","everyone",295,551,7,1.17574937792952,293.824250622071,13.4437809488666,1
"COUNSELOR.MACKEY","bad",294,1557,19,3.31113650830392,290.688863491696,35.8762847883568,1
"ALL.OTHERS","boys",531,52031,335,199.847093628841,331.152906371159,140.516752582585,1
"MEPHESTO","man",541,614,11,2.40274000347202,538.597259996528,16.4117296662591,1
"COUNSELOR.MACKEY","need",606,1557,19,6.82499565997338,599.175004340027,14.8052719778749,1
"ALL.OTHERS","kids",471,52031,265,177.265501128407,293.734498871593,66.9253900924401,1
"COUNSELOR.MACKEY","problem",133,1557,8,1.49789508708987,131.50210491291,14.1288108273039,1
"COUNSELOR.MACKEY","penis",72,1557,6,0.810890573462184,71.1891094265378,14.0261454229594,1
"COUNSELOR.MACKEY","jimmy",126,1557,7,1.41905850355882,124.580941496441,11.4347810381068,1
"SHARON","randy",98,1659,41,1.17601701290435,96.8239829870957,230.815823803618,1
"RANDY","son",347,3551,33,8.91294629940397,338.087053700596,39.9784271535797,1
"MS..CARTMAN","sweetie",59,875,28,0.373423123661825,58.6265768763382,202.259410413147,1
"MS..CARTMAN","baby",152,875,8,0.962039233840634,151.037960766159,20.1475097787143,1
"ALL.OTHERS","honey",57,52031,40,21.4525128754123,35.5474871245877,24.7627050016199,1
"SHARON","sleep",58,1659,5,0.696010068861756,57.3039899311382,11.4419865989647,1
"RANDY","wallmart",69,3551,11,1.77231497019848,67.2276850298015,23.0369038525275,1
"RANDY","think",1106,3551,49,28.4084109715873,1077.59158902841,12.6360686166455,1
"RANDY","family",154,3551,12,3.95560152768937,150.044398472311,10.9849873779708,1
"JIMMY","timmy",165,1673,40,1.99673774665818,163.003262253342,173.425059274736,1
"BUTTERS","fellas",87,4511,47,2.83878971124356,84.1612102887564,204.327987001443,1
"JIMMY","talent",58,1673,12,0.701883571552572,57.2981164284474,47.9278407616838,1
"JIMMY","glad",60,1673,9,0.726086453330247,59.2739135466698,29.9765394606579,1
"JIMMY","hard",123,1673,9,1.48847722932701,121.511522770673,17.8416498949676,1
"JIMMY","join",52,1673,6,0.629274926219548,51.3707250737805,16.9000682674607,1
"JIMMY","much",347,1673,13,4.1991999884266,342.800800011573,12.007742190637,1
"JIMMY","real",184,1673,9,2.22666512354609,181.773334876454,11.8498688110895,1
"JIMMY","taking",87,1673,6,1.05282535732886,85.9471746426711,11.2794250968635,1
"BUTTERS","nothin",71,4511,18,2.31671344250911,68.6832865574909,46.3313177625143,1
"BUTTERS","robot",61,4511,16,1.99041577455008,59.0095842254499,42.3024808587724,1
"BUTTERS","maam",56,4511,11,1.82726694057057,54.1727330594294,22.7952566622165,1
"BUTTERS","sir",163,4511,19,5.31865198773219,157.681348012268,22.2426068263772,1
"BUTTERS","good",736,4511,43,24.0155083617846,711.984491638215,12.6368098760455,1
"BUTTERS","world",245,4511,19,7.99429286499624,237.005707135004,11.4047727052742,1
"ALL.OTHERS","saddam",75,52031,64,28.2269906255425,46.7730093744575,72.9383265416515,1
"CHRIS","million",96,933,5,0.647879173658932,95.3521208263411,11.9323833845939,1
"CHRIS","important",101,933,5,0.681622880620334,100.31837711938,11.4790304915136,1
"CHRIS","thinking",62,933,4,0.418421966321393,61.5815780336786,11.1097819685966,1
"CHRIS","walk",63,933,4,0.425170707713674,62.5748292922863,10.9910425805994,1
"MS..CHOKSONDIK","sex",106,776,11,0.594988715930791,105.405011284069,44.4290535816482,1
"MS..CHOKSONDIK","girls",128,776,10,0.718476939991899,127.281523060008,34.7949879652825,1
"MS..CHOKSONDIK","fun",148,776,9,0.830738961865633,147.169261038134,27.0115355753385,1
"MS..CHOKSONDIK","alright",502,776,15,2.81777674903073,499.182223250969,26.098361709551,1
"MS..CHOKSONDIK","times",106,776,5,0.594988715930791,105.405011284069,12.6631954765942,1
"MS..CHOKSONDIK","going",745,776,13,4.1817603147966,740.818239685203,11.9585503173986,1
"MS..CHOKSONDIK","earth",118,776,5,0.662345929055032,117.337654070945,11.7011086113997,1
"MS..CHOKSONDIK","today",188,776,6,1.0552630056131,186.944736994387,11.0981174965624,1
"MEPHESTO","ice",62,614,7,0.275360222209363,61.7246397777906,32.6096924936493,1
"MEPHESTO","room",120,614,7,0.532955268792315,119.467044731208,23.4756721721576,1
"ALL.OTHERS","perhaps",88,52031,57,33.1196690006365,54.8803309993635,26.4809240481745,1
"MS..CARTMAN","mommy",54,875,6,0.341777096232857,53.6582229037671,23.6866351485329,1
"ALL.OTHERS","dear",76,52031,49,28.6033505005497,47.3966494994503,22.3664583794283,1
"MS..CARTMAN","friends",229,875,8,1.44938805624674,227.550611943753,14.4219895339337,1
"MS..CARTMAN","tooth",59,875,4,0.373423123661825,58.6265768763382,11.9466565952619,1
"KYLE","hankey",108,14212,60,11.102482495226,96.897517504774,135.025622385467,1
"KYLE","brother",103,14212,38,10.5884786760025,92.4115213239974,51.3719239165833,1
"KYLE","bastards",76,14212,29,7.81285805219605,68.187141947804,41.0902585247641,1
"KYLE","fat",206,14212,49,21.1769573520051,184.823042647995,30.9827960192645,1
"KYLE","play",307,14212,57,31.5598345003183,275.440165499682,18.9381747940416,1
"KYLE","grandma",53,14212,17,5.4484404837683,47.5515595162317,18.65076687489,1
"KYLE","cant",941,14212,134,96.7355187778485,844.264481222152,14.4708340039037,1
"KYLE","giant",54,14212,15,5.55124124761299,48.448758752387,12.8991438307378,1
"KYLE","win",135,14212,28,13.8781031190325,121.121896880968,12.7766808475975,1
"KYLE","throw",61,14212,16,6.27084659452578,54.7291534054742,12.3576111139618,1
"KYLE","house",237,14212,42,24.3637810311903,212.63621896881,11.9765763109835,1
"KYLE","isnt",320,14212,53,32.8962444302992,287.103755569701,11.7892066396688,1
"KYLE","always",162,14212,31,16.653723742839,145.346276257161,11.2964273260297,1
"KYLE","douche",70,14212,17,7.19605346912794,62.8039465308721,11.2381842340391,1
"ALL.OTHERS","chris",75,52031,70,28.2269906255425,46.7730093744575,104.791641031748,1
"ALL.OTHERS","young",156,52031,105,58.7121405011284,97.2878594988716,56.199347963706,1
"ALL.OTHERS","move",125,52031,87,47.0449843759042,77.9550156240958,52.3663925783315,1
"ALL.OTHERS","child",122,52031,85,45.9159047508825,76.0840952491175,51.3445688276043,1
"ALL.OTHERS","will",869,52031,425,327.056731381286,541.943268618714,45.6511486018952,1
"ALL.OTHERS","dumb",70,52031,52,26.3451912505063,43.6548087494937,38.8217267319283,1
"ALL.OTHERS","towel",55,52031,43,20.6997931253978,34.3002068746022,37.6666975529457,1
"ALL.OTHERS","great",436,52031,227,164.092905503154,271.907094496846,37.3440847974411,1
"ALL.OTHERS","must",328,52031,178,123.446039002373,204.553960997627,37.2297194649842,1
"ALL.OTHERS","afraid",107,52031,71,40.270506625774,66.729493374226,36.0893711271626,1
"ALL.OTHERS","scouts",53,52031,41,19.9470733753834,33.0529266246166,34.7632666962866,1
"ALL.OTHERS","coffee",55,52031,42,20.6997931253978,34.3002068746022,34.2086038797823,1
"ALL.OTHERS","hooray",83,52031,57,31.2378696256004,51.7621303743996,32.756657803649,1
"ALL.OTHERS","free",143,52031,86,53.8194621260344,89.1805378739656,29.5907707857777,1
"ALL.OTHERS","pip",95,52031,61,35.7541881256872,59.2458118743128,27.4104365141825,1
"ALL.OTHERS","americans",65,52031,45,24.4633918754702,40.5366081245298,26.5946950308157,1
"ALL.OTHERS","want",800,52031,372,301.087900005787,498.912099994213,26.1191916551148,1
"ALL.OTHERS","small",58,52031,41,21.8288727504195,36.1711272495805,26.0161324099188,1
"ALL.OTHERS","folks",61,52031,42,22.9579523754412,38.0420476245588,24.354822337526,1
"ALL.OTHERS","help",434,52031,212,163.340185753139,270.659814246861,22.5642205779092,1
"ALL.OTHERS","marsh",80,52031,51,30.1087900005787,49.8912099994213,22.2870223679611,1
"ALL.OTHERS","place",167,52031,92,62.852099126208,104.147900873792,20.8561959500548,1
"ALL.OTHERS","end",106,52031,63,39.8941467507667,66.1058532492333,20.5851266497631,1
"ALL.OTHERS","thank",306,52031,154,115.166121752213,190.833878247787,20.3307841271746,1
"ALL.OTHERS","power",113,52031,66,42.5286658758174,70.4713341241826,19.9353938774999,1
"ALL.OTHERS","job",100,52031,59,37.6359875007233,62.3640124992767,18.6579167489289,1
"ALL.OTHERS","aaaah",54,52031,36,20.3234332503906,33.6765667496094,18.6140970997653,1
"ALL.OTHERS","book",81,52031,49,30.4851498755859,50.5148501244141,17.2908880584569,1
"ALL.OTHERS","shit",164,52031,88,61.7230195011863,102.276980498814,17.2870606030033,1
"ALL.OTHERS","sorry",350,52031,169,131.725956252532,218.274043747468,16.4350982192255,1
"ALL.OTHERS","run",139,52031,75,52.3140226260054,86.6859773739946,15.1971905010401,1
"ALL.OTHERS","panda",67,52031,41,25.2161116254846,41.7838883745154,15.1897493096063,1
"ALL.OTHERS","take",680,52031,304,255.924715004919,424.075284995081,14.1817493877749,1
"ALL.OTHERS","thousand",115,52031,63,43.2813856258318,71.7186143741682,13.8652342562825,1
"ALL.OTHERS","head",140,52031,74,52.6903825010127,87.3096174989873,13.3311818630786,1
"ALL.OTHERS","right",1587,52031,668,597.283121636479,989.716878363521,13.2382176045245,1
"ALL.OTHERS","bear",57,52031,35,21.4525128754123,35.5474871245877,13.1530504345789,1
"ALL.OTHERS","whore",55,52031,34,20.6997931253978,34.3002068746022,13.1376878409987,1
"ALL.OTHERS","amazing",53,52031,33,19.9470733753834,33.0529266246166,13.1309447633052,1
"ALL.OTHERS","white",91,52031,51,34.2487486256582,56.7512513743418,12.6300515140984,1
"ALL.OTHERS","heart",72,52031,42,27.0979110005208,44.9020889994792,12.6126739142462,1
"ALL.OTHERS","american",70,52031,41,26.3451912505063,43.6548087494937,12.5444553816794,1
"ALL.OTHERS","one",907,52031,392,341.358406631561,565.641593368439,11.8422708115719,1
"ALL.OTHERS","lord",117,52031,62,44.0341053758463,72.9658946241537,11.3365867411058,1
"ALL.OTHERS","kid",280,52031,133,105.380765002025,174.619234997975,11.2970413729932,1
"ALL.OTHERS","mountain",53,52031,32,19.9470733753834,33.0529266246166,11.1991395695162,1
"ALL.OTHERS","week",91,52031,50,34.2487486256582,56.7512513743418,11.1786353012622,1
"ALL.OTHERS","live",192,52031,95,72.2610960013888,119.738903998611,11.1253865275585,1
"ALL.OTHERS","girl",72,52031,41,27.0979110005208,44.9020889994792,10.9866438681383,1
"ALL.OTHERS","police",72,52031,41,27.0979110005208,44.9020889994792,10.9866438681383,1
"ALL.OTHERS","years",188,52031,93,70.7556565013599,117.24434349864,10.8734421442052,1
"CARTMAN","you guys",769,19332,421,128.924707310728,640.075292689272,572.295589465882,2
"CARTMAN","screw you",49,19332,37,8.21496834619721,40.7850316538028,82.0052372268262,2
"CARTMAN","my mom",90,19332,48,15.0887173705663,74.9112826294337,62.4910277448728,2
"CARTMAN","guys i",70,19332,40,11.735669065996,58.264330934004,58.2721666406218,2
"CARTMAN","guys you",65,19332,37,10.8974069898534,54.1025930101466,53.5711392979598,2
"CARTMAN","guys im",39,19332,27,6.53844419391206,32.4615558060879,52.6958352761126,2
"CARTMAN","a bitch",84,19332,43,14.0828028791952,69.9171971208048,52.230486326592,2
"CARTMAN","i hate",85,19332,40,14.2504552944237,70.7495447055763,41.8437227611142,2
"CARTMAN","kyle i",47,19332,26,7.87966351574018,39.1203364842598,35.9491491106361,2
"CARTMAN","oh goddamnit",26,19332,18,4.35896279594138,21.6410372040586,35.1305568507418,2
"CARTMAN","sea people",27,19332,17,4.52661521116989,22.4733847888301,28.7951894916558,2
"CARTMAN","aw man",28,19332,17,4.6942676263984,23.3057323736016,27.2359321382505,2
"CARTMAN","man this",28,19332,17,4.6942676263984,23.3057323736016,27.2359321382505,2
"CARTMAN","i can",280,19332,82,46.942676263984,233.057323736016,26.9229979756656,2
"CARTMAN","your parents",53,19332,25,8.88557800711127,44.1144219928887,26.2657096604006,2
"CARTMAN","of crap",29,19332,17,4.86192004162692,24.1380799583731,25.7873004726834,2
"CARTMAN","stan and",36,19332,19,6.03548694822652,29.9645130517735,24.3065178081179,2
"CARTMAN","guys are",63,19332,27,10.5621021593964,52.4378978406036,23.6025195745582,2
"CARTMAN","my ass",64,19332,27,10.7297545746249,53.2702454253751,22.8620327071751,2
"CARTMAN","im gonna",267,19332,75,44.7631948660134,222.236805133987,21.255995887316,2
"CARTMAN","hate you",30,19332,16,5.02957245685543,24.9704275431446,20.8303425816243,2
"CARTMAN","call me",37,19332,18,6.20313936345503,30.796860636545,19.9983812490136,2
"KENNY","hey you",81,726,11,0.509981788223051,80.490018211777,48.0187505689919,2
"CARTMAN","son of",93,19332,33,15.5916746162518,77.4083253837482,18.9148778130923,2
"CARTMAN","god damnit",43,19332,19,7.20905385482612,35.7909461451739,17.6430737595252,2
"NARRATOR","in the",835,378,17,2.73723007544879,832.262769924551,33.8133675608163,2
"CARTMAN","what i",153,19332,46,25.6508195299627,127.349180470037,16.47581910971,2
"CARTMAN","this one",67,19332,25,11.2327118203105,55.7672881796895,16.1867812113749,2
"CARTMAN","of a",208,19332,58,34.871702367531,173.128297632469,15.9977212466993,2
"CARTMAN","pissed off",35,19332,16,5.86783453299801,29.132165467002,15.8579487086376,2
"CARTMAN","i could",84,19332,29,14.0828028791952,69.9171971208048,15.4981725744218,2
"CARTMAN","oh man",54,19332,21,9.05323042233978,44.9467695776602,14.9467254499779,2
"CARTMAN","yes yes",58,19332,22,9.72384008325384,48.2761599167462,14.7981590620369,2
"CARTMAN","you hear",50,19332,19,8.38262076142572,41.6173792385743,12.8336781611583,2
"CARTMAN","that i",183,19332,50,30.6803919868181,152.319608013182,12.7618479849096,2
"CARTMAN","lets see",95,19332,30,15.9269794467089,79.0730205532911,12.5129927518619,2
"CARTMAN","shes a",29,19332,13,4.86192004162692,24.1380799583731,12.4129516290879,2
"MS..CARTMAN","tooth fairy",29,713,4,0.179316624750672,28.8206833752493,17.7282984847359,2
"CARTMAN","you son",33,19332,14,5.53252970254098,27.467470297459,11.9901304744624,2
"CARTMAN","mr jefferson",37,19332,15,6.20313936345503,30.796860636545,11.6895472699253,2
"CARTMAN","to buy",37,19332,15,6.20313936345503,30.796860636545,11.6895472699253,2
"CARTMAN","god you",30,19332,13,5.02957245685543,24.9704275431446,11.6176917653015,2
"CARTMAN","up you",30,19332,13,5.02957245685543,24.9704275431446,11.6176917653015,2
"CARTMAN","give me",115,19332,34,19.2800277512792,95.7199722487208,11.5253675433161,2
"CARTMAN","im going",98,19332,30,16.4299366923944,81.5700633076056,11.3797100855176,2
"STAN","come on",696,13064,143,78.8530396322955,617.146960367704,48.8614152626379,2
"STAN","were not",92,13064,34,10.4231029399011,81.5768970600989,40.8308726059176,2
"STAN","god they",28,13064,17,3.17224872083948,24.8277512791605,39.1688008130231,2
"STAN","they killed",29,13064,17,3.28554331801231,25.7144566819877,37.5936437958263,2
"STAN","dude what",48,13064,22,5.43814066429625,42.5618593357038,35.8658069251244,2
"KYLE","cartman you",83,11528,36,8.29784060359032,74.7021593964097,62.1057296798873,2
"STAN","it dude",29,13064,16,3.28554331801231,25.7144566819877,32.9231102713056,2
"STAN","have to",1012,13064,172,114.654132338912,897.345867661087,28.5712782128641,2
"STAN","we dont",190,13064,48,21.5259734628393,168.474026537161,28.4352227619963,2
"STAN","dont care",57,13064,22,6.45779203885179,50.5422079611482,28.21096839602,2
"STAN","we gotta",57,13064,22,6.45779203885179,50.5422079611482,28.21096839602,2
"STAN","ill try",26,13064,14,2.9456595264938,23.0543404735062,27.9735507005514,2
"STAN","do we",131,13064,35,14.8415922296418,116.158407770358,23.4575403059272,2
"STAN","not gonna",102,13064,29,11.5560489116295,90.4439510883705,22.0814849242895,2
"STAN","we have",524,13064,96,59.3663689185673,464.633631081433,21.979234641279,2
"STAN","on guys",32,13064,14,3.62542710953083,28.3745728904692,21.4460063409925,2
"STAN","whoa dude",29,13064,13,3.28554331801231,25.7144566819877,20.5779823591947,2
"STAN","a way",48,13064,17,5.43814066429625,42.5618593357038,19.1001661893804,2
"STAN","lets go",160,13064,37,18.1271355476541,141.872864452346,17.6838270826721,2
"STAN","were just",71,13064,21,8.04391639927153,62.9560836007285,17.2620278511272,2
"STAN","uh we",26,13064,11,2.9456595264938,23.0543404735062,16.0922599989318,2
"STAN","yeah we",64,13064,19,7.25085421906166,56.7491457809383,15.7281180946545,2
"STAN","we just",156,13064,35,17.6739571589628,138.326042841037,15.4427479668458,2
"STAN","my god",338,13064,63,38.2935738444194,299.706426155581,15.4116561442419,2
"STAN","whats a",27,13064,11,3.05895412366664,23.9410458763334,15.2599072492812,2
"STAN","i dont",775,13064,124,87.8033128089498,687.19668719105,15.152817077892,2
"STAN","we need",139,13064,32,15.7479490070245,123.252050992975,15.1174886210081,2
"STAN","we do",105,13064,26,11.895932703148,93.104067296852,14.7041363856942,2
"STAN","the bus",37,13064,13,4.19190009539502,32.808099904605,14.4208393786414,2
"STAN","we want",79,13064,21,8.95027317665424,70.0497268233458,13.92277805265,2
"STAN","best friend",38,13064,13,4.30519469256786,33.6948053074321,13.8099091206768,2
"STAN","shut up",133,13064,30,15.0681814239875,117.931818576012,13.4289250174606,2
"STAN","we were",121,13064,28,13.7086462579135,107.291353742087,13.4055201302647,2
"STAN","oh my",347,13064,62,39.3132252189749,307.686774781025,12.8330234567817,2
"STAN","were doing",26,13064,10,2.9456595264938,23.0543404735062,12.7565562984849,2
"KYLE","cartman what",45,11528,23,4.49882924291042,40.5011707570896,48.2044521488251,2
"KYLE","learned something",31,11528,11,3.0991934784494,27.9008065215506,14.5516410972598,2
"STAN","on our",31,13064,11,3.51213251235799,27.487867487642,12.3962830013602,2
"STAN","think its",56,13064,16,6.34449744167895,49.655502558321,12.3016459725039,2
"STAN","oh hey",46,13064,14,5.21155146995057,40.7884485300494,12.1385995621308,2
"STAN","of here",92,13064,22,10.4231029399011,81.5768970600989,11.4416578948666,2
"STAN","gonna be",199,13064,39,22.5456248373948,176.454375162605,11.4212787030568,2
"STAN","them to",53,13064,15,6.00461365016044,46.9953863498396,11.3184537158508,2
"KENNY","the fuck",28,726,8,0.176290000867227,27.8237099991328,47.8348127384899,2
"KENNY","uh huh",48,726,9,0.302211430058104,47.6977885699419,45.3861293397594,2
"KENNY","that that",31,726,6,0.195178215245859,30.8048217847541,30.6674499766251,2
"KENNY","me too",51,726,6,0.321099644436736,50.6789003555633,24.4369139649601,2
"KENNY","uh oh",71,726,6,0.447021073627613,70.5529789263724,20.505945982297,2
"ALL.OTHERS","yeah yeah",131,43948,80,49.9279160523805,81.0720839476195,28.1530844959182,2
"KENNY","hey guys",32,726,4,0.201474286705403,31.7985257132946,16.7830396402168,2
"KENNY","hey hey",37,726,4,0.232954644003122,36.7670453559969,15.6114181237576,2
"TERRANCE","ha ha",128,511,7,0.567236146041107,127.432763853959,22.645258491952,2
"KENNY","am i",89,726,5,0.560350359899402,88.4396496401006,13.2337055484179,2
"KENNY","on his",28,726,3,0.176290000867227,27.8237099991328,11.6547876785225,2
"KENNY","the truth",30,726,3,0.188882143786315,29.8111178562137,11.2430607706502,2
"CHEF","hello there",55,3181,33,1.51725782672795,53.4827421732721,164.167863357116,2
"CHEF","children i",34,3181,14,0.937941201977279,33.0620587980227,55.5813460287335,2
"CHEF","the flag",35,3181,13,0.965527707917787,34.0344722920822,48.4021920250001,2
"CHEF","the children",44,3181,12,1.21380626138236,42.7861937386176,36.3968007861472,2
"CHEF","got to",154,3181,20,4.24832191483826,149.751678085162,32.1831721909871,2
"CHEF","hows it",27,3181,9,0.744835660393721,26.2551643396063,31.2630183948858,2
"CHEF","change the",35,3181,9,0.965527707917787,34.0344722920822,26.1790681008346,2
"CHEF","whats the",100,3181,12,2.75865059405082,97.2413494059492,17.7087388141496,2
"CHEF","what the",455,3181,29,12.5518602029312,442.448139797069,16.2936692478604,2
"CHEF","weve got",113,3181,12,3.11727517127743,109.882724828723,15.323522185367,2
"CHEF","hold on",65,3181,8,1.79312288613303,63.206877113867,12.1444749608112,2
"MR..GARRISON","mr hat",116,3907,79,3.93037897840604,112.069621021594,392.105519600589,2
"MR..GARRISON","who can",34,3907,10,1.15200763160177,32.8479923683982,28.1574118370644,2
"MR..GARRISON","take our",27,3907,9,0.914829589801405,26.0851704101986,27.7965292709962,2
"MR..GARRISON","can tell",35,3907,10,1.18589020900182,33.8141097909982,27.5417103867538,2
"MR..GARRISON","you all",173,3907,22,5.861685890209,167.138314109791,27.5289866233464,2
"MR..GARRISON","okay now",37,3907,10,1.25365536380193,35.7463446361981,26.3774282628455,2
"MR..GARRISON","kathie lee",32,3907,9,1.08424247680166,30.9157575231983,24.4886718712304,2
"MR..GARRISON","is there",30,3907,7,1.01647732200156,28.9835226779984,16.3772090945656,2
"MR..GARRISON","sexual harassment",30,3907,7,1.01647732200156,28.9835226779984,16.3772090945656,2
"MR..GARRISON","you little",42,3907,8,1.42306825080219,40.5769317491978,15.6009547819221,2
"MR..GARRISON","officer barbrady",57,3907,9,1.93130691180297,55.068693088197,14.5139830652108,2
"MR..GARRISON","tell me",106,3907,12,3.59155320440552,102.408446795594,12.8449353889919,2
"MR..GARRISON","go on",93,3907,11,3.15107969820484,89.8489203017952,12.5120053099637,2
"MR..GARRISON","very good",32,3907,6,1.08424247680166,30.9157575231983,11.5257225080531,2
"MR..GARRISON","can just",34,3907,6,1.15200763160177,32.8479923683982,10.8606167927126,2
"MR..GARRISON","the school",59,3907,8,1.99907206660307,57.0009279333969,10.841459687626,2
"WENDY","stan i",36,721,5,0.225097563090799,35.7749024369092,22.1245102775418,2
"WENDY","or dare",26,721,4,0.162570462232244,25.8374295377678,18.54910818995,2
"WENDY","truth or",27,721,4,0.168823172318099,26.8311768276819,18.2343480681037,2
"WENDY","we could",111,721,5,0.694050819529963,110.30594918047,11.3049014508829,2
"NARRATOR","terrance and",102,378,21,0.334368224785361,101.665631775215,137.06855924587,2
"NARRATOR","and phillip",96,378,19,0.31469950568034,95.6853004943197,122.363962140671,2
"NARRATOR","the little",57,378,8,0.186852831497702,56.8131471685023,45.6111565992915,2
"ANNOUNCER","and now",199,631,29,1.08896886653369,197.911031133466,138.673232694481,2
"NARRATOR","is it",174,378,7,0.570392854045616,173.429607145954,22.4849151827778,2
"NARRATOR","little boy",65,378,5,0.213077790304397,64.7869222096956,22.3442544348515,2
"ANNOUNCER","to the",648,631,19,3.54598907293383,644.454010927066,33.2531940979224,2
"NARRATOR","it was",279,378,8,0.914595438383488,278.085404561616,20.7107146457559,2
"ANNOUNCER","back to",224,631,18,1.22577400052034,222.77422599948,64.4723220041049,2
"NARRATOR","they were",47,378,4,0.154071632989333,46.8459283670107,18.6859535755233,2
"NARRATOR","at the",278,378,7,0.911317318532651,277.088682681467,16.5002566356895,2
"NARRATOR","and so",120,378,5,0.393374382100425,119.6066256179,16.3908088227545,2
"NARRATOR","he did",34,378,3,0.111456074928454,33.8885439250715,14.2328534477938,2
"NARRATOR","on a",107,378,4,0.350758824039546,106.64924117596,12.2994397459149,2
"NARRATOR","who is",49,378,3,0.160627872691007,48.839372127309,12.053286845478,2
"NARRATOR","up in",54,378,3,0.177018471945191,53.8229815280548,11.4854401388318,2
"ANNOUNCER","and gentlemen",50,631,11,0.273610267973289,49.7263897320267,62.3148265541176,2
"ANNOUNCER","ladies and",53,631,11,0.290026884051687,52.7099731159483,60.9055471944308,2
"REPORTER","south park",354,442,19,1.35693348365276,352.643066516347,65.9017081701542,2
"ANNOUNCER","welcome to",72,631,9,0.393998785881537,71.6060012141185,40.1818123660968,2
"BUTTERS","professor chaos",26,3772,15,0.850507328072153,25.1494926719278,67.9064396307976,2
"ANNOUNCER","its the",84,631,7,0.459665250195126,83.5403347498049,25.5696186689134,2
"ANNOUNCER","for the",305,631,11,1.66902263463707,303.330977365363,23.1125268517468,2
"ANNOUNCER","the south",82,631,6,0.448720839476195,81.5512791605238,20.4015670193777,2
"ANNOUNCER","find out",57,631,5,0.31191570548955,56.6880842945105,18.7672892290152,2
"ANNOUNCER","and the",206,631,8,1.12727430404995,204.87272569595,17.8419485621658,2
"ANNOUNCER","on the",412,631,11,2.2545486080999,409.7454513919,17.5659000255247,2
"ANNOUNCER","around the",36,631,4,0.196999392940768,35.8030006070592,16.8998605553117,2
"REPORTER","of the",601,442,17,2.30372040586246,598.696279594138,38.9265716252399,2
"REPORTER","the country",39,442,4,0.149492671927847,38.8505073280722,18.9883029540586,2
"ANNOUNCER","them all",39,631,4,0.213416009019166,38.7865839909808,16.2556056474487,2
"ANNOUNCER","has been",79,631,5,0.432304223397797,78.5676957766022,15.6160983738884,2
"ANNOUNCER","to find",95,631,5,0.51985950914925,94.4801404908507,13.8919479719148,2
"ANNOUNCER","ready for",30,631,3,0.164166160783974,29.835833839216,12.0397735848536,2
"ANNOUNCER","the word",33,631,3,0.180582776862371,32.8194172231376,11.4716929596238,2
"ANNOUNCER","and his",35,631,3,0.191527187581303,34.8084728124187,11.1240315224943,2
"ANNOUNCER","have been",77,631,4,0.421359812678866,76.5786401873211,11.0171228703844,2
"JIMBO","thats the",65,1701,7,0.958850056369786,64.0411499436302,16.3374213216111,2
"JIMBO","for us",89,1701,8,1.31288700026017,87.6871129997398,16.0646302530882,2
"JIMBO","it well",48,1701,5,0.708073887780765,47.2919261122192,11.3644530047769,2
"MAYOR","this town",38,742,4,0.244523458503165,37.7554765414968,15.2335461416854,2
"MAYOR","all we",57,742,4,0.366785187754748,56.6332148122452,12.0859904934297,2
"JESUS","best friends",26,694,5,0.156482525366404,25.8435174746336,25.9259194682533,2
"JESUS","the show",33,694,4,0.198612436041974,32.801387563958,16.8774048545871,2
"SHARON","my son",36,1440,6,0.449570722400486,35.5504292775995,20.9093678615981,2
"JESUS","to our",68,694,5,0.409261989419825,67.5907380105802,16.1660111104933,2
"TERRANCE","you like",124,511,7,0.549510016477322,123.450489983523,23.0670354476933,2
"TERRANCE","a dick",27,511,4,0.119651374555546,26.8803486254445,20.9042803118549,2
"TERRANCE","before you",27,511,4,0.119651374555546,26.8803486254445,20.9042803118549,2
"TERRANCE","your ass",83,511,5,0.36781718844853,82.6321828115515,17.0963690142517,2
"TERRANCE","im here",27,511,3,0.119651374555546,26.8803486254445,13.8903121552158,2
"TERRANCE","it sure",28,511,3,0.124082906946492,27.8759170930535,13.6681404978206,2
"TERRANCE","heres a",31,511,3,0.137377504119331,30.8626224958807,13.0506960003757,2
"TERRANCE","but now",43,511,3,0.190555892810684,42.8094441071893,11.1081896257973,2
"REPORTER","front of",41,442,6,0.157158962795941,40.8428410372041,32.9002388269452,2
"REPORTER","in south",73,442,6,0.279819616685457,72.7201803833145,25.8063092720353,2
"REPORTER","all over",70,442,5,0.268320180383315,69.7316798196167,20.1153522300085,2
"REPORTER","in front",40,442,4,0.153325817361894,39.8466741826381,18.7824353091643,2
"REPORTER","over the",82,442,5,0.314317925591883,81.6856820744081,18.5705917029425,2
"REPORTER","the town",48,442,4,0.183990980834273,47.8160090191657,17.3142669793066,2
"REPORTER","will be",161,442,6,0.617136414881623,160.382863585118,16.710087295677,2
"REPORTER","the man",27,442,3,0.103494926719278,26.8965050732807,14.7318286452547,2
"REPORTER","side of",29,442,3,0.111161217587373,28.8888387824126,14.2936594337431,2
"REPORTER","out in",30,442,3,0.114994363021421,29.8850056369786,14.0868264818732,2
"REPORTER","that he",45,442,3,0.172491544532131,44.8275084554679,11.6633177967515,2
"REPORTER","the house",45,442,3,0.172491544532131,44.8275084554679,11.6633177967515,2
"COUNSELOR.MACKEY","mr garrison",201,1342,14,2.33927673228688,198.660723267713,27.4748331282212,2
"COUNSELOR.MACKEY","need to",291,1342,15,3.3867140751019,287.613285924898,21.8944943660893,2
"ALL.OTHERS","young man",56,43948,40,21.3432312895673,34.6567687104327,25.5186454819444,2
"COUNSELOR.MACKEY","you need",127,1342,9,1.47805047263897,125.521949527361,17.9331512647686,2
"COUNSELOR.MACKEY","you shouldnt",32,1342,4,0.372422166334229,31.6275778336658,12.1699756080898,2
"COUNSELOR.MACKEY","about your",33,1342,4,0.384060359032174,32.6159396409678,11.9306927929828,2
"SHARON","such a",90,1440,9,1.12392680600121,88.8760731939988,22.4145300406542,2
"SHARON","how to",104,1440,8,1.29875986471251,102.701240135287,16.1331147868364,2
"SHARON","know how",106,1440,8,1.32373601595699,104.676263984043,15.8663737419333,2
"SHARON","in town",37,1440,5,0.462058798022721,36.5379412019773,15.3276310152748,2
"SHARON","what are",263,1440,12,3.28436388864799,259.715636111352,13.9621459724228,2
"SHARON","oh hi",26,1440,4,0.324689966178129,25.6753100338219,13.2919862874314,2
"SHARON","you please",27,1440,4,0.337178041800364,26.6628219581996,12.9898148992107,2
"SHARON","your father",27,1440,4,0.337178041800364,26.6628219581996,12.9898148992107,2
"SHARON","what did",78,1440,6,0.974069898534386,77.0259301014656,12.0998360901273,2
"SHARON","a good",113,1440,7,1.41115254531264,111.588847454687,11.5280594479036,2
"RANDY","the boys",45,3120,11,1.21758737316798,43.782412626832,31.2272527426686,2
"RANDY","get off",26,3120,8,0.703494926719278,25.2965050732807,26.6475768895498,2
"RANDY","off the",62,3120,11,1.67756482525366,60.3224351747463,24.2485418420774,2
"RANDY","gonna go",64,3120,9,1.73167981961669,62.2683201803833,16.0132308677718,2
"RANDY","native americans",30,3120,6,0.811724915445321,29.1882750845547,14.6100023901036,2
"RANDY","im a",102,3120,10,2.75986471251409,99.2401352874859,11.8093427517576,2
"RANDY","we did",68,3120,8,1.83990980834273,66.1600901916573,11.7876576081033,2
"RANDY","get up",28,3120,5,0.7576099210823,27.2423900789177,11.0833654032898,2
"RANDY","i think",498,3120,27,13.4746335963923,484.525366403608,10.861895152108,2
"JIMMY","talent show",26,1410,11,0.317925591882751,25.6820744081172,61.8320384440549,2
"JIMMY","what a",121,1410,16,1.4795767929928,119.520423207007,48.9859924901925,2
"JIMMY","very much",43,1410,11,0.52580001734455,42.4741999826554,48.773751850858,2
"JIMMY","have you",135,1410,10,1.65076749631428,133.349232503686,19.8624558274113,2
"JIMMY","the video",27,1410,5,0.330153499262857,26.6698465007371,18.7067452683177,2
"JIMMY","a great",100,1410,8,1.22279073801058,98.7772092619894,16.9744809692691,2
"JIMMY","i really",56,1410,6,0.684762813285925,55.3152371867141,15.9427665369188,2
"JIMMY","that way",36,1410,5,0.440204665683809,35.5597953343162,15.7913702939627,2
"JIMMY","i was",308,1410,13,3.76619547307259,304.233804526927,14.0265100716225,2
"JIMMY","about this",75,1410,6,0.917093053507935,74.0829069464921,12.7308607269519,2
"JIMMY","and i",346,1410,13,4.23085595351661,341.769144046483,11.8748316629527,2
"BUTTERS","ah i",61,3772,26,1.99542103893851,59.0045789610615,96.937866844714,2
"BUTTERS","my parents",63,3772,19,2.06084467955945,60.9391553204405,55.7498830619668,2
"BUTTERS","mom and",40,3772,13,1.3084728124187,38.6915271875813,40.269982186981,2
"BUTTERS","and dad",33,3772,12,1.07949007024543,31.9205099297546,40.2155240371122,2
"BUTTERS","well sure",30,3772,11,0.981354609314023,29.018645390686,37.0747825916619,2
"BUTTERS","ah im",26,3772,10,0.850507328072153,25.1494926719278,34.8181788152983,2
"BUTTERS","oh boy",77,3772,16,2.51881016390599,74.481189836094,34.8015921036113,2
"BUTTERS","got some",28,3772,10,0.915930968693088,27.0840690313069,33.099325650271,2
"BUTTERS","i gotta",39,3772,11,1.27576099210823,37.7242390078918,30.7022471026171,2
"BUTTERS","uh i",94,3772,16,3.07491110918394,90.9250888908161,28.8589732049144,2
"BUTTERS","sure is",27,3772,9,0.883219148382621,26.1167808516174,28.3858904099961,2
"BUTTERS","no no",230,3772,25,7.52371867140751,222.476281328592,26.4984536815885,2
"BUTTERS","uh uh",43,3772,10,1.4066082733501,41.5933917266499,23.953448456048,2
"BUTTERS","uh what",26,3772,7,0.850507328072153,25.1494926719278,18.8545012873899,2
"BUTTERS","how come",61,3772,10,1.99542103893851,59.0045789610615,17.3640797533472,2
"BUTTERS","i i",119,3772,14,3.89270661694562,115.107293383054,16.5387643856968,2
"BUTTERS","sure i",33,3772,7,1.07949007024543,31.9205099297546,15.5039843692851,2
"BUTTERS","on my",71,3772,10,2.32253924204319,68.6774607579568,14.7357218092779,2
"BUTTERS","oh jesus",86,3772,11,2.8132165467002,83.1867834532998,14.4584135000979,2
"BUTTERS","me to",116,3772,13,3.79457115601422,112.205428843986,14.3817346834602,2
"BUTTERS","well i",253,3772,21,8.27609053854826,244.723909461452,14.3338802689878,2
"BUTTERS","in my",103,3772,12,3.36931749197815,99.6306825080218,13.9935732480131,2
"BUTTERS","said i",27,3772,6,0.883219148382621,26.1167808516174,13.832960897349,2
"BUTTERS","i thought",121,3772,13,3.95813025756656,117.041869742433,13.5521086069473,2
"BUTTERS","a huge",28,3772,6,0.915930968693088,27.0840690313069,13.4071422826925,2
"BUTTERS","gotta go",41,3772,7,1.34118463272916,39.6588153672708,12.6642106734141,2
"BUTTERS","well uh",34,3772,6,1.11220189055589,32.8877981094441,11.214769565885,2
"CHRIS","all night",26,826,4,0.186245772266065,25.8137542277339,17.5017995895088,2
"CHRIS","butters butters",32,826,4,0.229225565865927,31.7707744341341,15.7995753520201,2
"CHRIS","million dollars",33,826,4,0.236388864799237,32.7636111352008,15.5512578009075,2
"MS..CHOKSONDIK","now lets",43,680,4,0.253577313329286,42.7464226866707,14.9125854993616,2
"MS..CHOKSONDIK","i hope",67,680,4,0.395108837047958,66.604891162952,11.5080525533323,2
"MS..CHOKSONDIK","hope you",31,680,3,0.182811551469951,30.8171884485301,11.418857236053,2
"MS..CHOKSONDIK","get back",69,680,4,0.40690313069118,68.5930968693088,11.2891938930241,2
"MEPHESTO","cartman is",29,501,4,0.125999479663516,28.8740005203365,20.4588884344919,2
"MEPHESTO","in this",103,501,6,0.447515393287659,102.552484606712,20.3508813622872,2
"MEPHESTO","right all",33,501,3,0.143378718237794,32.8566212817622,12.787914110507,2
"MEPHESTO","what no",33,501,3,0.143378718237794,32.8566212817622,12.787914110507,2
"MS..CARTMAN","your little",40,713,5,0.247333275518168,39.7526667244818,21.1515441728792,2
"MS..CARTMAN","oh thats",36,713,4,0.222599947966352,35.7774000520336,15.9682349808611,2
"MS..CARTMAN","got you",38,713,4,0.23496661174226,37.7650333882577,15.5352784166342,2
"MS..CARTMAN","i made",38,713,4,0.23496661174226,37.7650333882577,15.5352784166342,2
"KYLE","my little",46,11528,18,4.5988032260862,41.4011967739138,27.2228280757838,2
"MS..CARTMAN","with him",46,713,4,0.284433266845894,45.7155667331541,14.0277907864348,2
"MS..CARTMAN","oh well",99,713,5,0.612149856907467,98.3878501430925,12.4251232247969,2
"MS..CARTMAN","you okay",30,713,3,0.185499956638626,29.8145000433614,11.3453461748157,2
"KYLE","mr hankey",105,11528,60,10.4972682334576,94.5027317665424,142.410578187584,2
"KYLE","you bastards",41,11528,26,4.09893331020727,36.9010666897927,69.0575201396874,2
"KYLE","little brother",31,11528,20,3.0991934784494,27.9008065215506,54.1068874559269,2
"KYLE","cartman yeah",26,11528,16,2.59932356257046,23.4006764374295,41.1512026070462,2
"KYLE","the hell",460,11528,89,45.988032260862,414.011967739138,36.1333499697637,2
"KYLE","cartman i",29,11528,14,2.89924551209782,26.1007544879022,27.4715696402761,2
"KYLE","yeah but",69,11528,22,6.8982048391293,62.1017951608707,24.8394090562242,2
"KYLE","giant douche",34,11528,14,3.39911542797676,30.6008845720232,22.6233130996178,2
"KYLE","my dad",41,11528,15,4.09893331020727,36.9010666897927,20.7122190346498,2
"KYLE","hell are",125,11528,30,12.4967478969734,112.503252103027,20.4137412971099,2
"KYLE","what if",52,11528,17,5.19864712514092,46.8013528748591,19.944223897142,2
"KYLE","hey look",43,11528,15,4.29888127655884,38.7011187234412,19.3656775814238,2
"KYLE","to win",30,11528,12,2.99921949527361,27.0007805047264,18.6795249672585,2
"KYLE","do it",216,11528,42,21.59438036597,194.40561963403,17.2896244857352,2
"KYLE","mom dad",33,11528,12,3.29914144480097,29.700858555199,16.4304175612811,2
"KYLE","for being",34,11528,12,3.39911542797676,30.6008845720232,15.7539897245383,2
"KYLE","we cant",118,11528,25,11.7969300147429,106.203069985257,12.8596695300411,2
"KYLE","you cant",188,11528,35,18.795108837048,169.204891162952,12.7168330812037,2
"KYLE","stan you",29,11528,10,2.89924551209782,26.1007544879022,12.6967319534472,2
"KYLE","maybe we",45,11528,13,4.49882924291042,40.5011707570896,12.5113576096483,2
"KYLE","so we",87,11528,20,8.69773653629347,78.3022634637065,12.4183366361703,2
"KYLE","not cool",31,11528,10,3.0991934784494,27.9008065215506,11.4952710246154,2
"KYLE","the same",97,11528,21,9.69747636805134,87.3025236319487,11.3773871628175,2
"KYLE","we gonna",54,11528,14,5.3985950914925,48.6014049085075,11.0998814712577,2
"KYLE","all that",60,11528,15,5.99843899054722,54.0015610094528,11.0849862627036,2
"KYLE","with his",32,11528,10,3.19916746162518,28.8008325383748,10.9419687038805,2
"ALL.OTHERS","you kids",50,43948,40,19.0564565085422,30.9435434914578,36.7262933816962,2
"ALL.OTHERS","your son",51,43948,40,19.437585638713,31.562414361287,34.5440908063092,2
"ALL.OTHERS","im afraid",86,43948,59,32.7771051946926,53.2228948053074,32.7140510548455,2
"ALL.OTHERS","like to",161,43948,97,61.3617899575059,99.6382100424942,32.1763699336769,2
"ALL.OTHERS","you must",81,43948,56,30.8714595438383,50.1285404561617,31.9124576364928,2
"ALL.OTHERS","i help",43,43948,33,16.3885525973463,26.6114474026537,26.6198881853158,2
"ALL.OTHERS","help you",96,43948,61,36.588396496401,59.411603503599,25.3195062086671,2
"ALL.OTHERS","we are",149,43948,86,56.7882403954557,92.2117596045443,23.3830301773964,2
"ALL.OTHERS","i want",220,43948,119,83.8484086375856,136.151591362414,22.9999152378382,2
"ALL.OTHERS","we must",66,43948,44,25.1545225912757,40.8454774087243,21.9802091521113,2
"ALL.OTHERS","you boys",79,43948,50,30.1092012834967,48.8907987165033,20.4262027485746,2
"ALL.OTHERS","from the",214,43948,114,81.5616338565606,132.438366143439,20.1539612251694,2
"ALL.OTHERS","of you",186,43948,101,70.8900182117769,115.109981788223,19.9559054764361,2
"ALL.OTHERS","you i",85,43948,52,32.3959760645217,52.6040239354783,18.4389742019993,2
"ALL.OTHERS","you the",58,43948,38,22.1054895499089,35.8945104500911,17.7796902256815,2
"ALL.OTHERS","here to",86,43948,52,32.7771051946926,53.2228948053074,17.5246867448575,2
"ALL.OTHERS","to be",582,43948,271,221.817153759431,360.182846240569,17.2224986136203,2
"ALL.OTHERS","thank you",258,43948,130,98.3313155840777,159.668684415922,15.9958000513964,2
"ALL.OTHERS","can help",35,43948,25,13.3395195559795,21.6604804440205,15.9491534262153,2
"ALL.OTHERS","have no",74,43948,45,28.2035556326424,45.7964443673576,15.5484828112172,2
"ALL.OTHERS","give you",72,43948,44,27.4412973723008,44.5587026276992,15.5306022513113,2
"ALL.OTHERS","is here",30,43948,22,11.4338739051253,18.5661260948747,15.3259775644381,2
"ALL.OTHERS","i am",237,43948,120,90.32760385049,146.67239614951,15.2812225045434,2
"ALL.OTHERS","you are",244,43948,123,92.9955077616859,151.004492238314,15.182151238825,2
"ALL.OTHERS","your friend",32,43948,23,12.196132165467,19.803867834533,14.9855177470197,2
"ALL.OTHERS","your mother",32,43948,23,12.196132165467,19.803867834533,14.9855177470197,2
"ALL.OTHERS","a few",61,43948,38,23.2488769404215,37.7511230595785,14.5470628444925,2
"ALL.OTHERS","dont forget",27,43948,20,10.2904865146128,16.7095134853872,14.3995446884505,2
"ALL.OTHERS","can i",174,43948,91,66.3164686497268,107.683531350273,14.3695617512241,2
"ALL.OTHERS","be a",184,43948,95,70.1277599514353,113.872240048565,13.8095991774285,2
"ALL.OTHERS","we will",58,43948,36,22.1054895499089,35.8945104500911,13.5740490691375,2
"ALL.OTHERS","id like",33,43948,23,12.5772612956378,20.4227387043622,13.4844932152398,2
"ALL.OTHERS","thats right",158,43948,83,60.2184025669933,97.7815974330067,13.4759514706573,2
"ALL.OTHERS","want to",262,43948,129,99.8558321047611,162.144167895239,13.3655419666538,2
"ALL.OTHERS","take a",77,43948,45,29.346943023155,47.653056976845,12.9871731139231,2
"ALL.OTHERS","love you",55,43948,34,20.9621021593964,34.0378978406036,12.6038290328534,2
"ALL.OTHERS","it is",254,43948,124,96.8067990633943,157.193200936606,12.0112490448216,2
"ALL.OTHERS","they are",66,43948,39,25.1545225912757,40.8454774087243,11.8510686024226,2
"ALL.OTHERS","oh dear",40,43948,26,15.2451652068338,24.7548347931662,11.800396690287,2
"ALL.OTHERS","sit down",42,43948,27,16.0074234671754,25.9925765328246,11.7375280264398,2
"ALL.OTHERS","the future",58,43948,35,22.1054895499089,35.8945104500911,11.6923989936391,2
"ALL.OTHERS","here you",83,43948,47,31.63371780418,51.36628219582,11.6235207159924,2
"ALL.OTHERS","understand that",27,43948,19,10.2904865146128,16.7095134853872,11.5177407388262,2
"ALL.OTHERS","you now",27,43948,19,10.2904865146128,16.7095134853872,11.5177407388262,2
"ALL.OTHERS","let the",29,43948,20,11.0527447749545,17.9472552250455,11.2983121747391,2
"ALL.OTHERS","right yeah",29,43948,20,11.0527447749545,17.9472552250455,11.2983121747391,2
"ALL.OTHERS","and well",31,43948,21,11.8150030352962,19.1849969647038,11.1255258978138,2
"CARTMAN","you guys you",52,3180,34,8.9267976678903,43.0732023321097,59.5255358070763,3
"CARTMAN","you guys im",32,3180,24,5.49341394947096,26.506586050529,51.6089610797032,3
"CARTMAN","you guys i",45,3180,28,7.72511336644353,37.2748866335565,45.4191485269059,3
"CARTMAN","guys you guys",38,3180,25,6.52342906499676,31.4765709350032,44.1821354219387,3
"CARTMAN","of a bitch",63,3180,32,10.8151587130209,52.1848412869791,37.1364779784196,3
"CARTMAN","son of a",74,3180,33,12.7035197581516,61.2964802418484,30.0291491720162,3
"CARTMAN","you in the",30,3180,18,5.15007557762902,24.849924422371,27.5782197766539,3
"KENNY","hey you guys",48,146,11,0.378320017274887,47.6216799827251,55.4626270736561,3
"CARTMAN","you guys are",45,3180,22,7.72511336644353,37.2748866335565,23.838924283502,3
"CARTMAN","piece of crap",20,3180,13,3.43338371841935,16.5666162815807,22.5557676127855,3
"CARTMAN","im gonna be",27,3180,15,4.63506801986612,22.3649319801339,20.2898787099953,3
"CARTMAN","you son of",26,3180,14,4.46339883394515,21.5366011660548,17.9717767096201,3
"CARTMAN","how about this",19,3180,10,3.26171453249838,15.7382854675016,12.3469509487301,3
"CARTMAN","guys this is",17,3180,9,2.91837616065645,14.0816238393436,11.2246839415323,3
"STAN","we have to",253,2345,70,32.0279097387173,220.972090261283,40.4548632674638,3
"STAN","my god they",28,2345,17,3.54459080112287,24.4554091988771,35.7278457172497,3
"STAN","come on guys",29,2345,14,3.6711833297344,25.3288166702656,21.7624356591046,3
"STAN","to make it",20,2345,10,2.53185057223062,17.4681494277694,16.3168101839136,3
"STAN","oh my god",294,2345,59,37.2182034117901,256.78179658821,12.7059069562696,3
"STAN","what do we",30,2345,11,3.79777585834593,26.2022241416541,11.183150794627,3
"STAN","my best friend",22,2345,9,2.78503562945368,19.2149643705463,10.9541100727287,3
"KENNY","whats goin on",19,146,3,0.149751673504643,18.8502483264954,12.7383392399848,3
"ALL.OTHERS","ha ha ha",77,6552,49,27.2351543942993,49.7648456057007,25.3507068649947,3
"KENNY","do i have",20,146,3,0.157633340531203,19.8423666594688,12.4199698754678,3
"CHEF","hold on a",18,554,5,0.538328654718203,17.4616713452818,14.6157076260116,3
"CHEF","weve got to",55,554,8,1.64489311163895,53.355106888361,13.3869812010704,3
"MR..GARRISON","want you all",16,634,6,0.54761390628374,15.4523860937163,20.0237643588631,3
"MR..GARRISON","kathie lee gifford",18,634,6,0.616065644569208,17.3839343554308,18.4185790856968,3
"MR..GARRISON","go to hell",24,634,6,0.82142085942561,23.1785791405744,14.7589056957818,3
"MR..GARRISON","you go to",17,634,5,0.581839775426474,16.4181602245735,13.9864271393249,3
"MR..GARRISON","you all to",18,634,5,0.616065644569208,17.3839343554308,13.382871834258,3
"MR..GARRISON","you can just",20,634,5,0.684517382854675,19.3154826171453,12.2990880798182,3
"MS..CHOKSONDIK","i hope you",22,112,3,0.133016627078385,21.8669833729216,13.3548819516142,3
"MR..GARRISON","tell me what",22,634,5,0.752969121140142,21.2470308788599,11.3495599034485,3
"WENDY","truth or dare",26,121,4,0.169833729216152,25.8301662707838,18.2118119635189,3
"WENDY","can i talk",16,121,3,0.104513064133017,15.895486935867,14.9141002855607,3
"WENDY","stay away from",18,121,3,0.117577197149644,17.8824228028504,14.1625928272999,3
"WENDY","i talk to",22,121,3,0.143705463182898,21.8562945368171,12.9097112895779,3
"NARRATOR","terrance and phillip",95,42,19,0.215396242712157,94.7846037572878,136.656373081005,3
"NARRATOR","of the rings",20,42,2,0.0453465774130857,19.9546534225869,11.4350089751068,3
"RANDY","lord of the",22,509,5,0.604513064133017,21.395486935867,13.3088324952149,3
"ANNOUNCER","ladies and gentlemen",50,90,11,0.242928093284388,49.7570719067156,64.8833768344789,3
"ANNOUNCER","welcome to the",26,90,8,0.126322608507882,25.8736773914921,53.3109672400415,3
"ANNOUNCER","south park elementary",20,90,4,0.0971712373137551,19.9028287626862,22.7558583341406,3
"REPORTER","the south park",62,59,5,0.197473547829842,61.8025264521702,23.0940861446312,3
"ANNOUNCER","to find out",21,90,3,0.102029799179443,20.8979702008206,14.9125259252023,3
"JIMBO","well have to",28,293,4,0.442884906067804,27.5571150939322,10.9719848907822,3
"TERRANCE","do you like",24,76,3,0.0984668538112719,23.9015331461887,15.0642384774326,3
"REPORTER","all over the",33,59,5,0.105106888361045,32.894893111639,29.5998307318968,3
"REPORTER","in south park",72,59,6,0.229324120060462,71.7706758799395,28.1081372456972,3
"REPORTER","front of the",17,59,4,0.0541459727920536,16.9458540272079,27.5270083227706,3
"REPORTER","south park colorado",17,59,4,0.0541459727920536,16.9458540272079,27.5270083227706,3
"REPORTER","in front of",38,59,4,0.121032174476355,37.8789678255236,20.6375321545627,3
"COUNSELOR.MACKEY","you need to",82,211,8,0.934031526668106,81.0659684733319,20.8656590277849,3
"SHARON","know how to",40,259,7,0.559274454761391,39.4407255452386,23.6111213695658,3
"RANDY","im gonna go",32,509,7,0.879291729648024,31.120708270352,18.0938000866261,3
"JIMMY","the talent show",20,226,11,0.244007773698985,19.755992226301,69.6337293931812,3
"JIMMY","what a great",16,226,6,0.195206218959188,15.8047937810408,31.9509344861081,3
"JIMMY","have you seen",17,226,4,0.207406607644137,16.7925933923559,17.0192452650648,3
"JIMMY","on come on",22,226,4,0.268408551068884,21.7315914489311,14.8300852490838,3
"JIMMY","thanks a lot",22,226,4,0.268408551068884,21.7315914489311,14.8300852490838,3
"BUTTERS","mom and dad",32,531,12,0.917296480241848,31.0827035197582,44.072779280423,3
"BUTTERS","no no no",59,531,13,1.69126538544591,57.3087346145541,32.8036093582755,3
"BUTTERS","are you doin",24,531,6,0.687972360181386,23.3120276398186,16.6796766435341,3
"BUTTERS","oh no no",23,531,5,0.659306845173829,22.3406931548262,12.4826711683815,3
"MEPHESTO","all right all",25,67,3,0.0904232347225221,24.9095767652775,15.54596292253,3
"MS..CARTMAN","going to be",37,119,4,0.237691643273591,36.7623083567264,15.4588784439635,3
"MS..CARTMAN","the tooth fairy",20,119,3,0.128481969337076,19.8715180306629,13.5969542754708,3
"MS..CARTMAN","what is it",47,119,4,0.301932627942129,46.6980673720579,13.5755367474997,3
"KYLE","what the hell",305,2034,61,33.4900669401857,271.509933059814,21.0209637416812,3
"KYLE","learned something today",25,2034,11,2.74508745411358,22.2549125458864,17.5596590465243,3
"KYLE","the hell are",125,2034,30,13.7254372705679,111.274562729432,16.8732713267146,3
"ALL.OTHERS","i help you",40,6552,32,14.1481321528827,25.8518678471173,33.466749587329,3
"ALL.OTHERS","can i help",41,6552,31,14.5018354567048,26.4981645432952,27.6123352489675,3
"ALL.OTHERS","i want to",66,6552,43,23.3444180522565,42.6555819477435,24.1198898896149,3
"ALL.OTHERS","you like to",43,6552,31,15.209242064349,27.790757935651,23.9940788986177,3
"ALL.OTHERS","to be a",73,6552,45,25.820341179011,47.179658820989,20.7765235507424,3
"ALL.OTHERS","would you like",58,6552,37,20.51479162168,37.48520837832,19.3073021520625,3
"ALL.OTHERS","yeah yeah yeah",30,6552,22,10.6110991146621,19.3889008853379,17.9180963439432,3
"ALL.OTHERS","of south park",36,6552,25,12.7333189375945,23.2666810624055,17.2518909493383,3
"ALL.OTHERS","i have no",25,6552,19,8.84258259555172,16.1574174044483,17.177242777762,3
"ALL.OTHERS","id like to",31,6552,22,10.9648024184841,20.0351975815159,16.2347034880242,3
"ALL.OTHERS","my name is",45,6552,29,15.9166486719931,29.0833513280069,15.6734811675862,3
"ALL.OTHERS","have sex with",25,6552,18,8.84258259555172,16.1574174044483,13.8779728228576,3
"ALL.OTHERS","how would you",22,6552,16,7.78147268408551,14.2185273159145,12.713542924348,3
"ALL.OTHERS","to see you",52,6552,31,18.3925717987476,33.6074282012524,12.6170636805723,3
"ALL.OTHERS","want to be",27,6552,18,9.54998920319585,17.4500107968041,10.8998600018236,3
"CARTMAN","you guys you guys",36,577,25,5.96553704767375,30.0344629523262,49.5459322900627,4
"CARTMAN","son of a bitch",62,577,32,10.2739804709937,51.7260195290063,40.0259546403301,4
"CARTMAN","you son of a",26,577,14,4.30844342331993,21.6915565766801,18.7890635789941,4
"CARTMAN","oh my god you",17,577,9,2.81705916140149,14.1829408385985,11.7459859464526,4
"STAN","my god they killed",23,530,16,3.50086157380816,19.4991384261918,34.2841059912382,4
"STAN","god they killed kenny",21,530,15,3.19643882825962,17.8035611717404,33.3287179081715,4
"STAN","oh my god they",27,530,17,4.10970706490523,22.8902929350948,31.7127373543008,4
"KENNY","do i have to",16,29,3,0.133256748994831,15.8667432510052,13.5033646527773,4
"ALL.OTHERS","ha ha ha ha",52,1126,38,16.8156232050546,35.1843767949454,36.1578544353164,4
"MR..GARRISON","i want you all",15,118,6,0.508328546812177,14.4916714531878,21.0463497263073,4
"MR..GARRISON","want you all to",14,118,5,0.474439977024698,13.5255600229753,16.2181610320257,4
"WENDY","play truth or dare",15,20,3,0.0861573808156232,14.9138426191844,16.0839556047067,4
"WENDY","can i talk to",16,20,3,0.0919012062033314,15.9080987937967,15.6650669943719,4
"WENDY","i talk to you",18,20,3,0.103388856978748,17.8966111430213,14.9103870992173,4
"ANNOUNCER","and now back to",23,24,15,0.158529580700747,22.8414704192993,119.709748731967,4
"REPORTER","all over the country",14,9,4,0.0361860999425617,13.9638139000574,30.9653132152293,4
"REPORTER","from all over the",12,9,2,0.0310166570936244,11.9689833429064,13.0708425108576,4
"REPORTER","in front of the",14,9,2,0.0361860999425617,13.9638139000574,12.4114068819097,4
"SHARON","what are you doing",83,54,7,1.28719126938541,81.7128087306146,12.691697721546,4
"SHARON","dont know how to",12,54,3,0.186099942561746,11.8139000574383,11.7835621027201,4
"RANDY","a ladder to heaven",11,99,4,0.312751292360712,10.6872487076393,14.4651544573817,4
"RANDY","the lord of the",15,99,4,0.426479035037335,14.5735209649627,11.7190499530487,4
"JIMMY","come on come on",18,27,3,0.13957495692131,17.8604250430787,13.1704795305468,4
"BUTTERS","no no no no",21,95,8,0.572946582423894,20.4270534175761,30.4327881914045,4
"BUTTERS","what are you doin",17,95,5,0.463813900057438,16.5361860999426,16.0816317288663,4
"MEPHESTO","all right all right",24,6,2,0.0413555427914991,23.9586444572085,11.7621673111901,4
"KYLE","ive learned something today",13,459,7,1.71367030442275,11.2863296955773,12.1198246738415,4
"KYLE","we have to get",17,459,8,2.24095347501436,14.7590465249856,11.4572721851756,4
"ALL.OTHERS","can i help you",38,1126,30,12.288340034463,25.711659965537,34.8727433340178,4
"ALL.OTHERS","would you like to",34,1126,24,10.9948305571511,23.0051694428489,20.8074965119844,4
"ALL.OTHERS","how would you like",20,1126,15,6.46754738655945,13.5324526134406,15.2810693196692,4
"CARTMAN","you son of a bitch",24,249,14,3.85548387096774,20.1445161290323,22.1007626369829,5
"MR..GARRISON","i want you all to",13,67,5,0.561935483870968,12.438064516129,14.7969422868475,5
"WENDY","can i talk to you",14,13,3,0.11741935483871,13.8825806451613,14.3234238792994,5
"NARRATOR","the lord of the rings",13,3,2,0.0251612903225806,12.9748387096774,13.8698150202697,5
"REPORTER","from all over the country",9,2,2,0.0116129032258065,8.98838709677419,17.0948167150663,5
"ALL.OTHERS","oh my god it s",22,435,14,6.1741935483871,15.8258064516129,12.0078073717329,5
"CARTMAN","sorry",350,22872,36,57.9046351484289,292.095364851571,-11.1922892560185,1
"BUTTERS","lets",727,4511,9,23.7218404606215,703.278159539379,-12.3046390355902,1
"KYLE","sexual",63,14212,0,6.47644812221515,56.5235518777848,-13.6659275878627,1
"CARTMAN","group",52,22872,1,8.60297436490944,43.3970256350906,-12.1621262277594,1
"CARTMAN","good",736,22872,88,121.765175626411,614.23482437359,-12.1960199447459,1
"CARTMAN","school",331,22872,32,54.7612406689428,276.238759331057,-12.9646586852424,1
"CARTMAN","weve",331,22872,32,54.7612406689428,276.238759331057,-12.9646586852424,1
"CARTMAN","ladies",71,22872,2,11.7463688443956,59.2536311556044,-13.9329749653871,1
"CARTMAN","small",58,22872,1,9.59562525316822,48.4043747468318,-14.1119474950281,1
"CARTMAN","sweetie",59,22872,1,9.76106706787802,49.238932932122,-14.4391686549384,1
"ALL.OTHERS","cartmans",85,52031,10,31.9905893756148,53.0094106243852,-28.7956648284265,1
"CARTMAN","cows",85,22872,3,14.0625542503327,70.9374457496673,-14.4975924190575,1
"CARTMAN","boy",403,22872,40,66.6730513280481,336.326948671952,-14.5339452320147,1
"ALL.OTHERS","ike",86,52031,14,32.3669492506221,53.6330507493779,-18.9418359865189,1
"BUTTERS","chef",328,4511,0,10.7025635090562,317.297436490944,-21.7598205937614,1
"CARTMAN","canada",87,22872,3,14.3934378797523,72.6065621202477,-15.078970285162,1
"CARTMAN","bastards",76,22872,2,12.5735779179446,63.4264220820554,-15.4655140772997,1
"STAN","tom",100,16420,0,11.8772061801979,88.1227938198021,-25.2854549752911,1
"CARTMAN","child",122,22872,6,20.1839013945952,101.816098605405,-15.7003844272094,1
"ALL.OTHERS","fatass",101,52031,4,38.0123473757306,62.9876526242694,-65.7508852996624,1
"CARTMAN","sure",602,22872,65,99.5959724552977,502.404027544702,-16.0458996542574,1
"STAN","little",885,16420,41,105.113274694751,779.886725305249,-56.1581766077898,1
"CARTMAN","americans",65,22872,1,10.7537179561368,54.2462820438632,-16.4141211589612,1
"ALL.OTHERS","dude",1135,52031,39,427.16845813321,707.83154186679,-771.676100676091,1
"KYLE","park",432,14212,13,44.4099299809039,387.590070019096,-33.3578314450741,1
"CARTMAN","scouts",53,22872,0,8.76841617961924,44.2315838203808,-19.1681219398791,1
"CARTMAN","future",101,22872,3,16.7096232856895,84.2903767143105,-19.2329209230447,1
"CARTMAN","honey",57,22872,0,9.43018343845842,47.5698165615416,-20.6149298966265,1
"CARTMAN","young",156,22872,7,25.8089230947283,130.191076905272,-21.9457055049407,1
"CARTMAN","flag",63,22872,0,10.4228343267172,52.5771656732828,-22.7851436428622,1
"ALL.OTHERS","fellas",87,52031,8,32.7433091256293,54.2566908743707,-36.8158887344032,1
"STAN","eric",402,16420,3,47.7463688443956,354.253631155604,-78.3169895294702,1
"CARTMAN","killed",142,22872,5,23.4927376887912,118.507262311209,-24.2592965499826,1
"CARTMAN","garrison",226,22872,13,37.3898501244141,188.610149875586,-24.3381534860897,1
"ALL.OTHERS","phillip",207,52031,39,77.9064941264973,129.093505873503,-34.5395491398458,1
"CARTMAN","satan",74,22872,0,12.242694288525,61.757305711475,-26.7638733554892,1
"CARTMAN","chris",75,22872,0,12.4081361032348,62.5918638967652,-27.1255762980397,1
"CARTMAN","saddam",75,22872,0,12.4081361032348,62.5918638967652,-27.1255762980397,1
"CARTMAN","south",389,22872,29,64.356865922111,324.643134077889,-28.1972289102604,1
"CARTMAN","well",2444,22872,300,404.339795150744,2039.66020484926,-34.8445102210412,1
"CARTMAN","randy",98,22872,0,16.2132978415601,81.7867021584399,-35.4447522267218,1
"CARTMAN","terrance",209,22872,7,34.5773392743476,174.422660725652,-36.9396112630375,1
"ALL.OTHERS","ned",111,52031,10,41.7759461258029,69.2240538741971,-47.7152546988913,1
"CARTMAN","hat",208,22872,6,34.4118974596377,173.588102540362,-40.2795875350791,1
"ALL.OTHERS","dad",364,52031,69,136.994994502633,227.005005497367,-59.9363121829738,1
"ALL.OTHERS","stanley",170,52031,13,63.9811787512297,106.01882124877,-81.8509291503298,1
"CARTMAN","kids",471,22872,20,77.9230947283143,393.076905271686,-69.5911732060899,1
"ALL.OTHERS","cartman",851,52031,96,320.282253631156,530.717746368844,-300.923948876364,1
"CARTMAN","boys",531,22872,8,87.8496036109022,443.150396389098,-134.954224021397,1
"CARTMAN","children",598,22872,9,98.9342051964585,499.065794803541,-152.03060233988,1
"STAN","next",211,16420,11,25.0609050402176,185.939094959782,-11.0441737630592,1
"STAN","inside",120,16420,4,14.2526474162375,105.747352583763,-11.3034921981668,1
"STAN","penis",72,16420,1,8.55158844974249,63.4484115502575,-11.6760518379976,1
"STAN","week",91,16420,2,10.8082576239801,80.1917423760199,-11.8017634785576,1
"ALL.OTHERS","hankey",108,52031,20,40.6468665007812,67.3531334992188,-18.6926011454904,1
"STAN","balls",110,16420,3,13.0649267982177,96.9350732017823,-12.3125956562094,1
"STAN","scott",94,16420,2,11.164573809386,82.835426190614,-12.4292327215937,1
"STAN","dear",76,16420,1,9.02667669695041,66.9733233030496,-12.5786914220706,1
"STAN","turkey",53,16420,0,6.29491927550489,46.7050807244951,-13.4003197261789,1
"STAN","love",360,16420,22,42.7579422487125,317.242057751288,-13.6068865686304,1
"STAN","mommy",54,16420,0,6.41369133730687,47.5863086626931,-13.6531939074282,1
"KYLE","aint",81,14212,0,8.32686187141948,72.6731381285805,-17.5710611222293,1
"STAN","hands",83,16420,1,9.85808112956426,73.1419188704357,-14.1715032099798,1
"STAN","mayor",103,16420,2,12.2335223656038,90.7664776343962,-14.3356277150435,1
"STAN","left",122,16420,3,14.4901915398414,107.509808460159,-14.7176970374331,1
"STAN","mother",105,16420,2,12.4710664892078,92.5289335107922,-14.7637087699908,1
"STAN","certainly",59,16420,0,7.00755164631676,51.9924483536832,-14.9175657951281,1
"STAN","folks",61,16420,0,7.24509576992072,53.7549042300793,-15.4233149671958,1
"STAN","jews",62,16420,0,7.3638678317227,54.6361321682773,-15.6761896347675,1
"ALL.OTHERS","seriously",62,52031,6,23.3343122504485,38.6656877495515,-25.1867145668373,1
"STAN","turn",110,16420,2,13.0649267982177,96.9350732017823,-15.8402649106451,1
"STAN","gentlemen",97,16420,1,11.520889994792,85.479110005208,-17.3983013605083,1
"STAN","ive",506,16420,32,60.0986632718014,445.901336728199,-17.5958038161246,1
"STAN","may",120,16420,2,14.2526474162375,105.747352583763,-18.0179326291099,1
"STAN","welcome",126,16420,2,14.9652797870494,111.034720212951,-19.3384347592361,1
"STAN","sir",163,16420,4,19.3598460737226,143.640153926277,-19.6913075182736,1
"STAN","afraid",107,16420,1,12.7086106128118,94.2913893871882,-19.7298750020091,1
"STAN","will",869,16420,61,103.21292170592,765.78707829408,-22.5488918928435,1
"KYLE","thank",306,14212,5,31.4570337364736,274.542966263526,-36.9936523405115,1
"KYLE","son",347,14212,9,35.6718650541057,311.328134945894,-30.7776689023076,1
"STAN","now",2120,16420,162,251.796771020196,1868.2032289798,-40.9497502504979,1
"ALL.OTHERS","stan",566,52031,100,213.019689254094,352.980310745906,-107.641884833668,1
"STAN","yes",791,16420,25,93.9487008853654,697.051299114635,-78.3094302356675,1
"CHEF","please",427,3873,2,11.9623502690817,415.037649730918,-13.0074727429238,1
"ALL.OTHERS","stupid",359,52031,90,135.113195127597,223.886804872403,-25.6265024273324,1
"CHEF","jesus",443,3873,2,12.4105882182744,430.589411781726,-13.7692631343753,1
"CHEF","wow",361,3873,1,10.1133687286615,350.886631271338,-13.8336941804399,1
"ALL.OTHERS","hey",1172,52031,359,441.093773508478,730.906226491522,-25.2196933389974,1
"CHEF","best",252,3873,0,7.05974769978589,244.940252300214,-14.3188135844234,1
"ALL.OTHERS","mom",444,52031,74,167.103784503212,276.896215496788,-93.9431812262475,1
"ALL.OTHERS","butters",510,52031,105,191.943536253689,318.056463746311,-69.0625060337115,1
"ALL.OTHERS","guys",1084,52031,183,407.974104507841,676.025895492159,-224.238900020109,1
"ALL.OTHERS","hes",659,52031,186,248.021157629767,410.978842370233,-25.9142903937691,1
"ALL.OTHERS","sweet",175,52031,26,65.8629781262658,109.137021873734,-44.4469975064798,1
"MR..GARRISON","everything",180,4440,0,5.78091545628147,174.219084543719,-11.7493723800223,1
"MR..GARRISON","got",1023,4440,15,32.8548695098663,990.145130490134,-12.5082972748359,1
"MR..GARRISON","whoa",196,4440,0,6.29477460795093,189.705225392049,-12.7939389360613,1
"MR..GARRISON","fat",206,4440,0,6.61593657774434,199.384063422256,-13.4467937260098,1
"MR..GARRISON","away",311,4440,1,9.9881372605752,301.011862739425,-13.6392296659932,1
"ALL.OTHERS","cool",316,52031,51,118.929720502286,197.070279497714,-70.6056640439847,1
"MR..GARRISON","friends",229,4440,0,7.3546091082692,221.645390891731,-14.9483614640188,1
"MR..GARRISON","man",541,4440,3,17.3748625658237,523.625137434176,-18.6023166711131,1
"ANNOUNCER","yeah",1863,961,0,12.9502271280597,1850.04977287194,-25.988539927101,1
"NARRATOR","dont",2279,502,0,8.27540362247555,2270.72459637752,-16.5786647386653,1
"NARRATOR","just",2296,502,0,8.33713326775071,2287.66286673225,-16.702347236915,1
"ANNOUNCER","god",846,961,0,5.88077946878074,840.119220531219,-11.800431886222,1
"ANNOUNCER","okay",1109,961,0,7.70896504831896,1101.29103495168,-15.4695163298473,1
"REPORTER","thats",1378,551,0,5.49214455181992,1372.50785544818,-11.0040541503039,1
"ALL.OTHERS","kyle",615,52031,82,231.461323129449,383.538676870551,-180.618558391146,1
"ALL.OTHERS","kenny",632,52031,112,237.859441004571,394.140558995428,-119.493512031713,1
"ALL.OTHERS","crap",165,52031,34,62.0993793761935,102.900620623806,-22.2940840685332,1
"BUTTERS","people",882,4511,13,28.7794543139865,853.220545686014,-11.1864292221585,1
"BUTTERS","christmas",274,4511,1,8.94055610207743,265.059443897923,-11.7354564737477,1
"BUTTERS","shut",186,4511,0,6.06913662403796,179.930863375962,-12.3385211821904,1
"BUTTERS","going",745,4511,9,24.3091762629477,720.690823737052,-13.05594920204,1
"BUTTERS","gay",215,4511,0,7.01539986111915,207.984600138881,-14.2625835636644,1
"BUTTERS","hell",669,4511,2,21.8293139864591,647.170686013541,-30.6996600575476,1
"ALL.OTHERS","gonna",1346,52031,398,506.580391759736,839.419608240264,-38.6167325823067,1
"KYLE","marsh",80,14212,1,8.22406110757479,71.7759388924252,-10.9378419099839,1
"KYLE","apparently",52,14212,0,5.34563971992362,46.6543602800764,-11.2794647566322,1
"KYLE","perfect",52,14212,0,5.34563971992362,46.6543602800764,-11.2794647566322,1
"KYLE","mark",53,14212,0,5.4484404837683,47.5515595162317,-11.4964156023961,1
"KYLE","mountain",53,14212,0,5.4484404837683,47.5515595162317,-11.4964156023961,1
"KYLE","hooray",83,14212,1,8.53246339910885,74.4675366008912,-11.5146223913265,1
"KYLE","seen",176,14212,6,18.0929344366645,157.907065563335,-11.8440573400054,1
"KYLE","office",57,14212,0,5.85964353914704,51.140356460853,-12.3642196721369,1
"KYLE","father",154,14212,4,15.8313176320815,138.168682367919,-13.6424398496175,1
"KYLE","town",284,14212,12,29.1954169318905,254.804583068109,-14.1874825481903,1
"KYLE","bit",67,14212,0,6.88765117759389,60.1123488224061,-14.5337338978957,1
"KYLE","right",1587,14212,115,163.144812221515,1423.85518777849,-17.4670984184655,1
"KYLE","perhaps",88,14212,0,9.04646721833227,78.9535327816677,-19.0897271325177,1
"KYLE","hello",410,14212,12,42.1483131763208,367.851686823679,-32.5517375932618,1
"ALL.OTHERS","jimbo",57,52031,10,21.4525128754123,35.5474871245877,-10.9870106429822,1
"ALL.OTHERS","stuff",157,52031,39,59.0885003761356,97.9114996238644,-11.6354409918162,1
"ALL.OTHERS","pissed",62,52031,11,23.3343122504485,38.6656877495515,-11.696398905249,1
"ALL.OTHERS","token",108,52031,24,40.6468665007812,67.3531334992188,-11.8160583511762,1
"ALL.OTHERS","win",135,52031,32,50.8085831259765,84.1914168740235,-11.9479365774644,1
"ALL.OTHERS","parents",275,52031,76,103.498965626989,171.501034373011,-12.2468813483496,1
"ALL.OTHERS","something",388,52031,113,146.027631502807,241.972368497193,-12.4229393034617,1
"ALL.OTHERS","get",1967,52031,665,740.299874139228,1226.70012586077,-12.4633485737855,1
"ALL.OTHERS","whats",484,52031,145,182.158179503501,301.841820496499,-12.552677530642,1
"ALL.OTHERS","tweek",117,52031,26,44.0341053758463,72.9658946241537,-12.8007298804409,1
"ALL.OTHERS","frog",53,52031,8,19.9470733753834,33.0529266246166,-13.1514595503658,1
"ALL.OTHERS","kick",135,52031,31,50.8085831259765,84.1914168740235,-13.3171255640535,1
"ALL.OTHERS","watch",204,52031,51,76.7774145014756,127.222585498524,-14.730258572027,1
"ALL.OTHERS","bucks",52,52031,7,19.5707135003761,32.4292864996239,-15.0903141164128,1
"ALL.OTHERS","totally",102,52031,20,38.3887072507378,63.6112927492622,-15.5629879005126,1
"ALL.OTHERS","awesome",102,52031,19,38.3887072507378,63.6112927492622,-17.4379071511676,1
"ALL.OTHERS","asshole",110,52031,21,41.3995862507957,68.6004137492043,-17.8326941937759,1
"ALL.OTHERS","hoh",82,52031,13,30.8615097505931,51.1384902494069,-18.8619591952653,1
"ALL.OTHERS","kennys",101,52031,18,38.0123473757306,62.9876526242694,-18.8882997772552,1
"ALL.OTHERS","sucks",91,52031,15,34.2487486256582,56.7512513743418,-19.6244615010054,1
"ALL.OTHERS","clyde",68,52031,8,25.5924715004919,42.4075284995081,-23.0365318627412,1
"ALL.OTHERS","bad",294,52031,72,110.649803252127,183.350196747873,-23.0506595523927,1
"ALL.OTHERS","craig",93,52031,14,35.0014683756727,57.9985316243273,-23.1694499635836,1
"ALL.OTHERS","suck",85,52031,12,31.9905893756148,53.0094106243852,-23.185694657492,1
"ALL.OTHERS","gotta",296,52031,71,111.402523002141,184.597476997859,-25.0984824705346,1
"ALL.OTHERS","kyles",62,52031,6,23.3343122504485,38.6656877495515,-25.1867145668373,1
"ALL.OTHERS","cant",941,52031,278,354.154642381807,586.845357618193,-27.1755242642676,1
"ALL.OTHERS","ass",402,52031,96,151.296669752908,250.703330247092,-34.6409373125518,1
"ALL.OTHERS","wait",491,52031,121,184.792698628552,306.207301371448,-37.5646284336408,1
"ALL.OTHERS","goddamnit",164,52031,22,61.7230195011863,102.276980498814,-47.8014121829172,1
"CARTMAN","native americans",30,19332,0,5.02957245685543,24.9704275431446,-11.0081441796021,2
"CARTMAN","the entire",30,19332,0,5.02957245685543,24.9704275431446,-11.0081441796021,2
"CARTMAN","terrance and",102,19332,6,17.1005463533085,84.8994536466915,-11.0248510871254,2
"CARTMAN","yeah yeah",131,19332,9,21.9624663949354,109.037533605065,-11.350259704338,2
"CARTMAN","learned something",31,19332,0,5.19722487208395,25.8027751279161,-11.3751479321267,2
"CARTMAN","do you",629,19332,75,105.453369178736,523.546630821264,-11.5276409982704,2
"CARTMAN","your friend",32,19332,0,5.36487728731246,26.6351227126875,-11.7421518928761,2
"CARTMAN","your mother",32,19332,0,5.36487728731246,26.6351227126875,-11.7421518928761,2
"CARTMAN","and gentlemen",50,19332,1,8.38262076142572,41.6173792385743,-11.7513186855929,2
"CARTMAN","your son",51,19332,1,8.55027317665424,42.4497268233458,-12.0783263289886,2
"CARTMAN","and dad",33,19332,0,5.53252970254098,27.467470297459,-12.1091560490335,2
"CARTMAN","mom dad",33,19332,0,5.53252970254098,27.467470297459,-12.1091560490335,2
"CARTMAN","children i",34,19332,0,5.70018211776949,28.2998178822305,-12.4761603889299,2
"CARTMAN","well uh",34,19332,0,5.70018211776949,28.2998178822305,-12.4761603889299,2
"KYLE","oh boy",77,11528,0,7.6979967045356,69.3020032954644,-16.2188174478505,2
"CARTMAN","ladies and",53,19332,1,8.88557800711127,44.1144219928887,-12.7346648409769,2
"CARTMAN","the flag",35,19332,0,5.86783453299801,29.132165467002,-12.8431649019117,2
"ALL.OTHERS","cartman you",83,43948,9,31.63371780418,51.36628219582,-31.4063205287646,2
"CARTMAN","what do",197,19332,15,33.0275258000173,163.972474199983,-14.2894195092735,2
"CARTMAN","but what",39,19332,0,6.53844419391206,32.4615558060879,-14.3111845011511,2
"CARTMAN","we do",105,19332,5,17.603503598994,87.396496401006,-14.3563978357909,2
"CARTMAN","welcome to",72,19332,2,12.070973896453,59.929026103547,-14.5561728042756,2
"CARTMAN","he can",41,19332,0,6.87374902436909,34.1262509756309,-15.0451951200452,2
"CARTMAN","no its",41,19332,0,6.87374902436909,34.1262509756309,-15.0451951200452,2
"CARTMAN","you bastards",41,19332,0,6.87374902436909,34.1262509756309,-15.0451951200452,2
"CARTMAN","sit down",42,19332,0,7.04140143959761,34.9585985604024,-15.412200611024,2
"CARTMAN","i help",43,19332,0,7.20905385482612,35.7909461451739,-15.7792062154136,2
"CARTMAN","wants to",76,19332,2,12.7415835573671,63.2584164426329,-15.8049673683285,2
"CARTMAN","we dont",190,19332,13,31.8539588934177,158.146041106582,-16.5697885555257,2
"CARTMAN","what is",134,19332,7,22.4654236406209,111.534576359379,-16.6575786897302,2
"CARTMAN","you must",81,19332,2,13.5798456335097,67.4201543664903,-17.3818504829335,2
"CARTMAN","you kids",50,19332,0,8.38262076142572,41.6173792385743,-18.3482482242593,2
"CARTMAN","mr garrison",201,19332,13,33.6981354609314,167.301864539069,-19.0926490450674,2
"CARTMAN","hello there",55,19332,0,9.22088283756829,45.7791171624317,-20.1832807146688,2
"CARTMAN","young man",56,19332,0,9.38853525279681,46.6114647472032,-20.5502874214568,2
"CARTMAN","you boys",79,19332,0,13.2445408030526,65.7554591969474,-28.9914557434737,2
"CARTMAN","mr hat",116,19332,1,19.4476801665077,96.5523198334923,-34.2793756927174,2
"CARTMAN","south park",354,19332,18,59.3489549908941,294.651045009106,-45.2963789979662,2
"STAN","see you",153,13064,6,17.3340733674443,135.665926632556,-10.8587447273142,2
"STAN","the most",72,13064,1,8.15721099644437,63.8427890035556,-10.890581076804,2
"STAN","my little",46,13064,0,5.21155146995057,40.7884485300494,-11.0601358639396,2
"STAN","and now",199,13064,9,22.5456248373948,176.454375162605,-11.5757601220476,2
"KYLE","like to",161,11528,4,16.0958112913017,144.904188708698,-14.0362196708768,2
"STAN","of my",117,13064,3,13.2554678692221,103.744532130778,-12.5780873219427,2
"STAN","and i",346,13064,20,39.1999306218021,306.800069378198,-12.6593997660759,2
"STAN","of the",601,13064,42,68.0900529008759,532.909947099124,-12.8514986559531,2
"STAN","in my",103,13064,2,11.6693435088024,91.3306564911976,-13.2727975861309,2
"STAN","then i",57,13064,0,6.45779203885179,50.5422079611482,-13.7054275294191,2
"RANDY","for the",305,3120,0,8.25253664036077,296.747463359639,-16.7302134757531,2
"STAN","you want",185,13064,7,20.9595004769751,164.040499523025,-13.7210465623628,2
"STAN","yes yes",58,13064,0,6.57108663602463,51.4289133639754,-13.94590900993,2
"STAN","and the",206,13064,8,23.3386870176047,182.661312982395,-14.8000699046105,2
"STAN","little boy",65,13064,0,7.3641488162345,57.6358511837655,-15.6292809330941,2
"STAN","thats right",158,13064,4,17.9005463533085,140.099453646692,-17.1485200451062,2
"STAN","im a",102,13064,1,11.5560489116295,90.4439510883705,-17.4043989329751,2
"STAN","eric cartman",76,13064,0,8.61038938513572,67.3896106148643,-18.2745842113337,2
"KYLE","thank you",258,11528,4,25.793287659353,232.206712340647,-30.6602361900448,2
"STAN","im afraid",86,13064,0,9.7433353568641,76.2566646431359,-20.6794090771368,2
"STAN","a little",350,13064,15,39.6531090104935,310.346890989507,-22.0511293787936,2
"STAN","ha ha",128,13064,1,14.5017084381233,113.498291561877,-23.2008897684373,2
"STAN","oh i",129,13064,1,14.6150030352962,114.384996964704,-23.4257495683472,2
"STAN","i am",237,13064,5,26.8508195299627,210.149180470037,-29.0901611159926,2
"ALL.OTHERS","you guys",769,43948,95,293.088301101379,475.911698898621,-255.047570203203,2
"MR..GARRISON","lets go",160,3907,0,5.42121238400833,154.578787615992,-11.0281868025581,2
"ALL.OTHERS","have to",1012,43948,283,385.702679732894,626.297320267106,-46.150271813419,2
"BUTTERS","we have",524,3772,5,17.1409938426849,506.859006157315,-12.250161264979,2
"BUTTERS","the hell",460,3772,0,15.047437342815,444.952562657185,-30.5957243583599,2
"KYLE","oh oh",82,11528,1,8.19786662041454,73.8021333795855,-10.8682176716649,2
"KYLE","need a",54,11528,0,5.3985950914925,48.6014049085075,-11.3736344214391,2
"KYLE","let me",163,11528,5,16.2957592576533,146.704240742347,-11.625085332562,2
"KYLE","that i",183,11528,6,18.295238921169,164.704761078831,-12.1077199695287,2
"KYLE","you all",173,11528,5,17.2954990894112,155.704500910589,-13.1272579121722,2
"KYLE","of a",208,11528,7,20.7945885005637,187.205411499436,-13.3386147162355,2
"KYLE","with the",226,11528,8,22.5941201977279,203.405879802272,-13.5991983962479,2
"KYLE","you are",244,11528,9,24.393651894892,219.606348105108,-13.8942114000648,2
"KYLE","its time",66,11528,0,6.59828288960194,59.4017171103981,-13.9015528911364,2
"KYLE","for me",99,11528,1,9.89742433440291,89.1025756655971,-14.0705813476189,2
"KYLE","will be",161,11528,3,16.0958112913017,144.904188708698,-17.2613586978939,2
"KYLE","and so",120,11528,1,11.9968779810944,108.003122018906,-18.1079865044023,2
"KYLE","you like",124,11528,1,12.3967739137976,111.603226086202,-18.8847894310603,2
"ALL.OTHERS","do we",131,43948,32,49.9279160523805,81.0720839476195,-11.0866303132118,2
"ALL.OTHERS","cartman is",29,43948,3,11.0527447749545,17.9472552250455,-11.4498870194823,2
"ALL.OTHERS","giant douche",34,43948,4,12.9583904258087,21.0416095741913,-11.8781367502359,2
"ALL.OTHERS","no we",34,43948,4,12.9583904258087,21.0416095741913,-11.8781367502359,2
"ALL.OTHERS","your ass",83,43948,17,31.63371780418,51.36628219582,-11.9744583550343,2
"ALL.OTHERS","is gonna",91,43948,19,34.6827508455468,56.3172491544532,-12.5072635801958,2
"ALL.OTHERS","guys are",63,43948,11,24.0111352007632,38.9888647992368,-12.7749404772876,2
"ALL.OTHERS","hey yeah",26,43948,2,9.90935738444194,16.0906426155581,-12.7898354215147,2
"ALL.OTHERS","yeah i",145,43948,35,55.2637238747724,89.7362761252276,-12.8193526423326,2
"ALL.OTHERS","not gonna",102,43948,22,38.8751712774261,63.1248287225739,-12.8562074508589,2
"ALL.OTHERS","little brother",31,43948,3,11.8150030352962,19.1849969647038,-12.9477056293059,2
"ALL.OTHERS","i dont",775,43948,247,295.375075882404,479.624924117596,-13.1173574229602,2
"ALL.OTHERS","supposed to",163,43948,40,62.1240482178475,100.875951782152,-13.5597304368305,2
"ALL.OTHERS","hows it",27,43948,2,10.2904865146128,16.7095134853872,-13.592589299103,2
"ALL.OTHERS","whats a",27,43948,2,10.2904865146128,16.7095134853872,-13.592589299103,2
"ALL.OTHERS","on guys",32,43948,3,12.196132165467,19.803867834533,-13.7072373756029,2
"ALL.OTHERS","ah i",61,43948,10,23.2488769404215,37.7511230595785,-13.8092268853211,2
"ALL.OTHERS","aw man",28,43948,2,10.6716156447836,17.3283843552164,-14.4012735052288,2
"ALL.OTHERS","guys we",42,43948,5,16.0074234671754,25.9925765328246,-14.4937663795205,2
"ALL.OTHERS","has to",70,43948,12,26.6790391119591,43.3209608880409,-14.6742259418415,2
"ALL.OTHERS","cartman i",29,43948,2,11.0527447749545,17.9472552250455,-15.2154560009377,2
"ALL.OTHERS","dad i",29,43948,2,11.0527447749545,17.9472552250455,-15.2154560009377,2
"ALL.OTHERS","my best",29,43948,2,11.0527447749545,17.9472552250455,-15.2154560009377,2
"ALL.OTHERS","pissed off",35,43948,3,13.3395195559795,21.6604804440205,-16.0230623244825,2
"ALL.OTHERS","screw you",49,43948,6,18.6753273783713,30.3246726216287,-16.4091817627184,2
"ALL.OTHERS","go to",238,43948,61,90.7087329806608,147.291267019339,-16.6360128052316,2
"ALL.OTHERS","hell are",125,43948,26,47.6411412713555,77.3588587286445,-17.3484124209401,2
"ALL.OTHERS","cartman yeah",26,43948,1,9.90935738444194,16.0906426155581,-17.4449372900911,2
"ALL.OTHERS","mr jefferson",37,43948,3,14.1017778163212,22.8982221836788,-17.5943535437781,2
"ALL.OTHERS","sea people",27,43948,1,10.2904865146128,16.7095134853872,-18.3277125146778,2
"ALL.OTHERS","yeah but",69,43948,10,26.2979099817882,42.7020900182118,-18.810082747008,2
"ALL.OTHERS","guys you",65,43948,9,24.7733934611048,40.2266065388952,-18.8263609007519,2
"ALL.OTHERS","guys im",39,43948,3,14.8640360766629,24.1359639233371,-19.184753132272,2
"ALL.OTHERS","cartman what",45,43948,4,17.150810857688,27.849189142312,-20.0689849727901,2
"ALL.OTHERS","it dude",29,43948,1,11.0527447749545,17.9472552250455,-20.1016122883832,2
"ALL.OTHERS","whoa dude",29,43948,1,11.0527447749545,17.9472552250455,-20.1016122883832,2
"ALL.OTHERS","were not",92,43948,15,35.0638799757176,56.9361200242824,-21.0151843355628,2
"ALL.OTHERS","kyle i",47,43948,4,17.9130691180297,29.0869308819703,-21.6244695272593,2
"ALL.OTHERS","mr hankey",105,43948,18,40.0185586679386,64.9814413320614,-22.0113389127623,2
"ALL.OTHERS","best friend",38,43948,2,14.4829069464921,23.5170930535079,-22.7376943075215,2
"ALL.OTHERS","we gotta",57,43948,5,21.7243604197381,35.2756395802619,-25.6673501489262,2
"ALL.OTHERS","my parents",63,43948,6,24.0111352007632,38.9888647992368,-26.6532719276683,2
"ALL.OTHERS","come on",696,43948,194,265.265874598907,430.734125401093,-32.3262425901593,2
"ALL.OTHERS","gonna be",199,43948,37,75.8446969039979,123.155303096002,-35.7096776799148,2
"ALL.OTHERS","guys i",70,43948,5,26.6790391119591,43.3209608880409,-36.0031837630719,2
"ALL.OTHERS","my mom",90,43948,9,34.3016217153759,55.6983782846241,-36.5852709722447,2
"ALL.OTHERS","dude what",48,43948,1,18.2941982482005,29.7058017517995,-37.3145236533064,2
"CARTMAN","do we do",29,3180,0,4.97840639170805,24.0215936082919,-10.9217117976485,3
"CARTMAN","mom and dad",32,3180,0,5.49341394947096,26.506586050529,-12.0517481324985,3
"CARTMAN","ladies and gentlemen",50,3180,1,8.58345929604837,41.4165407039516,-12.1780423624671,3
"CARTMAN","i help you",40,3180,0,6.8667674368387,33.1332325631613,-15.065186231427,3
"CARTMAN","can i help",41,3180,0,7.03843662275966,33.9615633772403,-15.4418666338593,3
"CARTMAN","the south park",62,3180,1,10.6434895271,51.3565104729,-16.2641254654511,3
"STAN","to see you",52,2345,0,6.58281148779961,45.4171885122004,-14.074501733451,3
"STAN","ha ha ha",77,2345,0,9.74762470308789,67.2523752969121,-20.8420774008757,3
"ALL.OTHERS","we have to",253,6552,49,89.4869358669834,163.513064133017,-31.2379681700403,3
"BUTTERS","what the hell",305,531,0,8.74298207730512,296.257017922695,-17.7392053830151,3
"KYLE","would you like",58,2034,0,6.36860289354351,51.6313971064565,-13.4901016933535,3
"ALL.OTHERS","i have to",200,6552,48,70.7406607644137,129.259339235586,-12.0354915866418,3
"ALL.OTHERS","my best friend",22,6552,1,7.78147268408551,14.2185273159145,-12.2755252631316,3
"ALL.OTHERS","guys you guys",38,6552,4,13.4407255452386,24.5592744547614,-12.4224658669023,3
"ALL.OTHERS","is gonna be",38,6552,4,13.4407255452386,24.5592744547614,-12.4224658669023,3
"ALL.OTHERS","the hell are",125,6552,26,44.2129129777586,80.7870870222414,-12.6460782940674,3
"ALL.OTHERS","this is gonna",34,6552,3,12.0259123299503,21.9740876700497,-13.0049349035345,3
"ALL.OTHERS","come on guys",29,6552,2,10.25739581084,18.74260418916,-13.1726250414439,3
"ALL.OTHERS","have to get",58,6552,8,20.51479162168,37.48520837832,-13.7403853221964,3
"ALL.OTHERS","we just have",16,6552,0,5.6592528611531,10.3407471388469,-13.9657024296473,3
"ALL.OTHERS","hey you guys",48,6552,4,16.9777585834593,31.0222414165407,-19.1898210424191,3
"ALL.OTHERS","you guys im",32,6552,1,11.3185057223062,20.6814942776938,-20.2414916979713,3
"ALL.OTHERS","on you guys",33,6552,1,11.6722090261283,21.3277909738717,-21.0519747187257,3
"ALL.OTHERS","you guys i",45,6552,2,15.9166486719931,29.0833513280069,-25.3320694428409,3
"ALL.OTHERS","you guys you",52,6552,2,18.3925717987476,33.6074282012524,-30.8523897636622,3
"CARTMAN","can i help you",38,577,0,6.29695577254451,31.7030442274555,-13.7669721978658,4
"STAN","ha ha ha ha",52,530,0,7.91499138426192,44.0850086157381,-17.1706333794129,4
"ALL.OTHERS","i dont think i",14,1126,0,4.52728317059161,9.47271682940839,-10.9358200231084,4
"ALL.OTHERS","and now back to",23,1126,1,7.43767949454337,15.5623205054566,-11.2192339627749,4
"ALL.OTHERS","come on you guys",28,1126,1,9.05456634118323,18.9454336588168,-14.7242538977388,4
"ALL.OTHERS","this is gonna be",29,1126,1,9.3779437105112,19.6220562894888,-15.4340932850257,4
"ALL.OTHERS","you guys you guys",36,1126,2,11.641585295807,24.358414704193,-15.6311092116655,4
